"id","type","name","profile"
"1","class","Classdiagram (74).xmi","{""PCOA"":1,""PASC"":0,""POD"":1,""PADV"":0,""PRI"":0,""POG"":1,""POI"":0,""PDA"":0,""PSO"":0,""POP"":0,""POQ"":0,""PABC"":1,""PEN"":0,""PSHA"":1,""PNAA"":1,""PGS"":0,""PTC"":0,""PSA"":0,""PAO"":0}"
"2","class","xBaseJ.uml","{""PCOA"":0,""PASC"":0,""POD"":1,""PADV"":1,""PRI"":0,""POG"":0,""POI"":0,""PDA"":0,""PSO"":1,""POP"":0,""POQ"":0,""PABC"":1,""PEN"":0,""PSHA"":0,""PNAA"":0,""PGS"":0,""PTC"":0,""PSA"":1,""PAO"":1}"
"3","class","Classdiagram (594).xmi","{""PCOA"":0,""PASC"":0,""POD"":0,""PADV"":0,""PRI"":0,""POG"":1,""POI"":1,""PDA"":0,""PSO"":0,""POP"":0,""POQ"":0,""PABC"":1,""PEN"":1,""PSHA"":1,""PNAA"":1,""PGS"":0,""PTC"":0,""PSA"":0,""PAO"":0}"
"4","class","Classdiagram (508).xmi","{""PCOA"":0,""PASC"":0,""POD"":1,""PADV"":0,""PRI"":0,""POG"":1,""POI"":0,""PDA"":0,""PSO"":0,""POP"":0,""POQ"":0,""PABC"":0,""PEN"":0,""PSHA"":1,""PNAA"":1,""PGS"":0,""PTC"":0,""PSA"":0,""PAO"":0}"
"5","class","JavaGraticule3D-CT_Transformation.uml","{""PCOA"":0,""PASC"":0,""POD"":1,""PADV"":1,""PRI"":0,""POG"":0,""POI"":0,""PDA"":0,""PSO"":0,""POP"":0,""POQ"":0,""PABC"":1,""PEN"":0,""PSHA"":0,""PNAA"":0,""PGS"":0,""PTC"":0,""PSA"":1,""PAO"":1}"
"6","class","javaGeom-0.11.1_geom2d.uml","{""PCOA"":0,""PASC"":0,""POD"":1,""PADV"":1,""PRI"":1,""POG"":0,""POI"":1,""PDA"":0,""PSO"":1,""POP"":0,""POQ"":0,""PABC"":0,""PEN"":0,""PSHA"":0,""PNAA"":0,""PGS"":0,""PTC"":1,""PSA"":1,""PAO"":1}"
"7","class","Classdiagram (137).xmi","{""PCOA"":0,""PASC"":0,""POD"":1,""PADV"":0,""PRI"":0,""POG"":0,""POI"":0,""PDA"":0,""PSO"":0,""POP"":0,""POQ"":0,""PABC"":0,""PEN"":0,""PSHA"":0,""PNAA"":0,""PGS"":0,""PTC"":0,""PSA"":1,""PAO"":0}"
"8","class","Classdiagram (519).xmi","{""PCOA"":1,""PASC"":0,""POD"":0,""PADV"":0,""PRI"":0,""POG"":0,""POI"":0,""PDA"":0,""PSO"":0,""POP"":0,""POQ"":0,""PABC"":0,""PEN"":0,""PSHA"":0,""PNAA"":1,""PGS"":0,""PTC"":0,""PSA"":0,""PAO"":0}"
"9","class","Classdiagram (428).xmi","{""PCOA"":0,""PASC"":0,""POD"":0,""PADV"":0,""PRI"":0,""POG"":1,""POI"":0,""PDA"":0,""PSO"":0,""POP"":0,""POQ"":0,""PABC"":0,""PEN"":0,""PSHA"":1,""PNAA"":1,""PGS"":0,""PTC"":0,""PSA"":0,""PAO"":0}"
"10","class","Classdiagram (34).xmi","{""PCOA"":0,""PASC"":0,""POD"":1,""PADV"":0,""PRI"":0,""POG"":1,""POI"":0,""PDA"":0,""PSO"":0,""POP"":0,""POQ"":0,""PABC"":0,""PEN"":0,""PSHA"":0,""PNAA"":1,""PGS"":0,""PTC"":0,""PSA"":0,""PAO"":0}"
"11","class","Classdiagram (86).xmi","{""PCOA"":0,""PASC"":0,""POD"":0,""PADV"":0,""PRI"":0,""POG"":0,""POI"":0,""PDA"":0,""PSO"":0,""POP"":0,""POQ"":0,""PABC"":0,""PEN"":0,""PSHA"":0,""PNAA"":1,""PGS"":0,""PTC"":0,""PSA"":0,""PAO"":0}"
"12","class","Classdiagram (551).xmi","{""PCOA"":1,""PASC"":0,""POD"":0,""PADV"":0,""PRI"":0,""POG"":1,""POI"":0,""PDA"":0,""PSO"":0,""POP"":0,""POQ"":0,""PABC"":0,""PEN"":0,""PSHA"":0,""PNAA"":1,""PGS"":0,""PTC"":0,""PSA"":0,""PAO"":0}"
"13","class","Classdiagram (649).xmi","{""PCOA"":1,""PASC"":0,""POD"":0,""PADV"":0,""PRI"":0,""POG"":1,""POI"":0,""PDA"":0,""PSO"":0,""POP"":0,""POQ"":0,""PABC"":0,""PEN"":0,""PSHA"":0,""PNAA"":1,""PGS"":0,""PTC"":0,""PSA"":0,""PAO"":0}"
"14","class","Classdiagram (237).xmi","{""PCOA"":0,""PASC"":0,""POD"":0,""PADV"":0,""PRI"":0,""POG"":1,""POI"":0,""PDA"":0,""PSO"":0,""POP"":0,""POQ"":0,""PABC"":0,""PEN"":0,""PSHA"":1,""PNAA"":1,""PGS"":0,""PTC"":0,""PSA"":0,""PAO"":0}"
"15","class","Classdiagram (103).xmi","{""PCOA"":0,""PASC"":0,""POD"":0,""PADV"":0,""PRI"":0,""POG"":1,""POI"":0,""PDA"":0,""PSO"":0,""POP"":0,""POQ"":0,""PABC"":1,""PEN"":0,""PSHA"":1,""PNAA"":1,""PGS"":0,""PTC"":0,""PSA"":0,""PAO"":0}"
"16","class","Classdiagram (60).xmi","{""PCOA"":1,""PASC"":0,""POD"":0,""PADV"":0,""PRI"":0,""POG"":1,""POI"":0,""PDA"":0,""PSO"":0,""POP"":0,""POQ"":0,""PABC"":0,""PEN"":0,""PSHA"":0,""PNAA"":1,""PGS"":0,""PTC"":0,""PSA"":0,""PAO"":0}"
"17","class","UNO-Java.uml","{""PCOA"":0,""PASC"":0,""POD"":1,""PADV"":1,""PRI"":1,""POG"":0,""POI"":1,""PDA"":0,""PSO"":1,""POP"":0,""POQ"":0,""PABC"":1,""PEN"":1,""PSHA"":0,""PNAA"":0,""PGS"":0,""PTC"":0,""PSA"":1,""PAO"":1}"
"18","class","Classdiagram (629).xmi","{""PCOA"":0,""PASC"":0,""POD"":0,""PADV"":0,""PRI"":0,""POG"":1,""POI"":0,""PDA"":0,""PSO"":0,""POP"":0,""POQ"":0,""PABC"":0,""PEN"":0,""PSHA"":0,""PNAA"":1,""PGS"":0,""PTC"":0,""PSA"":0,""PAO"":0}"
"19","class","Classdiagram (524).xmi","{""PCOA"":0,""PASC"":0,""POD"":1,""PADV"":0,""PRI"":0,""POG"":1,""POI"":0,""PDA"":0,""PSO"":0,""POP"":0,""POQ"":0,""PABC"":0,""PEN"":0,""PSHA"":1,""PNAA"":1,""PGS"":0,""PTC"":0,""PSA"":0,""PAO"":0}"
"20","class","Classdiagram (266).xmi","{""PCOA"":1,""PASC"":0,""POD"":0,""PADV"":0,""PRI"":0,""POG"":0,""POI"":0,""PDA"":0,""PSO"":0,""POP"":0,""POQ"":0,""PABC"":0,""PEN"":0,""PSHA"":1,""PNAA"":1,""PGS"":0,""PTC"":0,""PSA"":0,""PAO"":0}"
"21","class","JeNiFEr2.uml","{""PCOA"":0,""PASC"":0,""POD"":1,""PADV"":0,""PRI"":0,""POG"":0,""POI"":0,""PDA"":0,""PSO"":1,""POP"":0,""POQ"":0,""PABC"":1,""PEN"":0,""PSHA"":0,""PNAA"":0,""PGS"":0,""PTC"":0,""PSA"":0,""PAO"":0}"
"22","class","Classdiagram (59).xmi","{""PCOA"":1,""PASC"":0,""POD"":0,""PADV"":1,""PRI"":0,""POG"":1,""POI"":0,""PDA"":1,""PSO"":0,""POP"":0,""POQ"":0,""PABC"":0,""PEN"":0,""PSHA"":0,""PNAA"":0,""PGS"":0,""PTC"":0,""PSA"":0,""PAO"":0}"
"23","class","trove-3.0.3.uml","{""PCOA"":0,""PASC"":0,""POD"":1,""PADV"":1,""PRI"":1,""POG"":0,""POI"":1,""PDA"":0,""PSO"":1,""POP"":0,""POQ"":0,""PABC"":1,""PEN"":0,""PSHA"":0,""PNAA"":0,""PGS"":0,""PTC"":1,""PSA"":1,""PAO"":1}"
"24","class","Classdiagram (528).xmi","{""PCOA"":0,""PASC"":0,""POD"":0,""PADV"":0,""PRI"":0,""POG"":1,""POI"":0,""PDA"":0,""PSO"":0,""POP"":0,""POQ"":0,""PABC"":0,""PEN"":0,""PSHA"":0,""PNAA"":1,""PGS"":0,""PTC"":0,""PSA"":0,""PAO"":0}"
"25","class","Classdiagram (696).xmi","{""PCOA"":0,""PASC"":0,""POD"":0,""PADV"":0,""PRI"":0,""POG"":1,""POI"":0,""PDA"":0,""PSO"":0,""POP"":0,""POQ"":0,""PABC"":0,""PEN"":0,""PSHA"":0,""PNAA"":0,""PGS"":0,""PTC"":0,""PSA"":0,""PAO"":0}"
"26","class","GenMyModel_VisClient-diag.uml","{""PCOA"":0,""PASC"":0,""POD"":0,""PADV"":0,""PRI"":0,""POG"":0,""POI"":1,""PDA"":0,""PSO"":0,""POP"":0,""POQ"":0,""PABC"":0,""PEN"":0,""PSHA"":0,""PNAA"":0,""PGS"":0,""PTC"":0,""PSA"":0,""PAO"":0}"
"27","class","Classdiagram (559).xmi","{""PCOA"":0,""PASC"":0,""POD"":1,""PADV"":0,""PRI"":1,""POG"":1,""POI"":1,""PDA"":0,""PSO"":0,""POP"":0,""POQ"":0,""PABC"":1,""PEN"":0,""PSHA"":0,""PNAA"":0,""PGS"":0,""PTC"":1,""PSA"":0,""PAO"":0}"
"28","class","Classdiagram (115).xmi","{""PCOA"":0,""PASC"":0,""POD"":1,""PADV"":0,""PRI"":0,""POG"":0,""POI"":1,""PDA"":0,""PSO"":0,""POP"":0,""POQ"":0,""PABC"":0,""PEN"":0,""PSHA"":0,""PNAA"":1,""PGS"":0,""PTC"":0,""PSA"":0,""PAO"":0}"
"29","class","Classdiagram (343).xmi","{""PCOA"":0,""PASC"":0,""POD"":1,""PADV"":0,""PRI"":0,""POG"":1,""POI"":1,""PDA"":0,""PSO"":0,""POP"":0,""POQ"":0,""PABC"":0,""PEN"":0,""PSHA"":1,""PNAA"":1,""PGS"":0,""PTC"":0,""PSA"":0,""PAO"":0}"
"30","class","Classdiagram (147).xmi","{""PCOA"":0,""PASC"":1,""POD"":0,""PADV"":0,""PRI"":0,""POG"":1,""POI"":0,""PDA"":0,""PSO"":0,""POP"":0,""POQ"":0,""PABC"":0,""PEN"":0,""PSHA"":0,""PNAA"":0,""PGS"":0,""PTC"":0,""PSA"":0,""PAO"":0}"
"31","class","Classdiagram (285).xmi","{""PCOA"":1,""PASC"":0,""POD"":0,""PADV"":0,""PRI"":0,""POG"":0,""POI"":0,""PDA"":0,""PSO"":0,""POP"":0,""POQ"":0,""PABC"":0,""PEN"":0,""PSHA"":0,""PNAA"":1,""PGS"":0,""PTC"":0,""PSA"":0,""PAO"":0}"
"32","class","Classdiagram (303).xmi","{""PCOA"":1,""PASC"":0,""POD"":0,""PADV"":0,""PRI"":0,""POG"":1,""POI"":0,""PDA"":0,""PSO"":0,""POP"":0,""POQ"":0,""PABC"":0,""PEN"":0,""PSHA"":0,""PNAA"":1,""PGS"":0,""PTC"":0,""PSA"":0,""PAO"":0}"
"33","class","Classdiagram (156).xmi","{""PCOA"":1,""PASC"":0,""POD"":1,""PADV"":0,""PRI"":0,""POG"":1,""POI"":0,""PDA"":0,""PSO"":0,""POP"":0,""POQ"":0,""PABC"":1,""PEN"":0,""PSHA"":0,""PNAA"":1,""PGS"":0,""PTC"":0,""PSA"":1,""PAO"":0}"
"34","class","SimpleLibrary2.uml","{""PCOA"":1,""PASC"":0,""POD"":1,""PADV"":0,""PRI"":1,""POG"":0,""POI"":1,""PDA"":0,""PSO"":0,""POP"":1,""POQ"":0,""PABC"":1,""PEN"":1,""PSHA"":1,""PNAA"":0,""PGS"":0,""PTC"":0,""PSA"":0,""PAO"":0}"
"35","class","Classdiagram (469).xmi","{""PCOA"":0,""PASC"":0,""POD"":0,""PADV"":0,""PRI"":0,""POG"":1,""POI"":0,""PDA"":0,""PSO"":0,""POP"":0,""POQ"":0,""PABC"":1,""PEN"":0,""PSHA"":1,""PNAA"":1,""PGS"":0,""PTC"":0,""PSA"":0,""PAO"":0}"
"36","class","Classdiagram (174).xmi","{""PCOA"":0,""PASC"":0,""POD"":0,""PADV"":0,""PRI"":0,""POG"":1,""POI"":0,""PDA"":0,""PSO"":0,""POP"":0,""POQ"":1,""PABC"":1,""PEN"":0,""PSHA"":0,""PNAA"":0,""PGS"":0,""PTC"":0,""PSA"":0,""PAO"":0}"
"37","class","Classdiagram (465).xmi","{""PCOA"":1,""PASC"":0,""POD"":0,""PADV"":0,""PRI"":0,""POG"":1,""POI"":0,""PDA"":0,""PSO"":0,""POP"":0,""POQ"":0,""PABC"":0,""PEN"":0,""PSHA"":1,""PNAA"":1,""PGS"":0,""PTC"":0,""PSA"":0,""PAO"":0}"
"38","class","Classdiagram (676).xmi","{""PCOA"":1,""PASC"":0,""POD"":1,""PADV"":0,""PRI"":0,""POG"":1,""POI"":0,""PDA"":0,""PSO"":0,""POP"":0,""POQ"":0,""PABC"":0,""PEN"":0,""PSHA"":0,""PNAA"":1,""PGS"":0,""PTC"":0,""PSA"":0,""PAO"":0}"
"39","class","Classdiagram (302).xmi","{""PCOA"":1,""PASC"":0,""POD"":0,""PADV"":0,""PRI"":0,""POG"":1,""POI"":0,""PDA"":0,""PSO"":0,""POP"":0,""POQ"":0,""PABC"":0,""PEN"":0,""PSHA"":1,""PNAA"":1,""PGS"":0,""PTC"":0,""PSA"":0,""PAO"":0}"
"40","class","Classdiagram (591).xmi","{""PCOA"":1,""PASC"":0,""POD"":1,""PADV"":0,""PRI"":0,""POG"":0,""POI"":0,""PDA"":0,""PSO"":0,""POP"":0,""POQ"":0,""PABC"":0,""PEN"":0,""PSHA"":0,""PNAA"":1,""PGS"":0,""PTC"":0,""PSA"":0,""PAO"":0}"
"41","class","Classdiagram (517).xmi","{""PCOA"":0,""PASC"":0,""POD"":0,""PADV"":0,""PRI"":0,""POG"":1,""POI"":0,""PDA"":0,""PSO"":0,""POP"":0,""POQ"":0,""PABC"":0,""PEN"":0,""PSHA"":0,""PNAA"":1,""PGS"":0,""PTC"":0,""PSA"":0,""PAO"":0}"
"42","class","JavaGraticule3D-CT_Point.uml","{""PCOA"":0,""PASC"":0,""POD"":1,""PADV"":0,""PRI"":0,""POG"":0,""POI"":0,""PDA"":0,""PSO"":0,""POP"":0,""POQ"":0,""PABC"":1,""PEN"":0,""PSHA"":0,""PNAA"":0,""PGS"":0,""PTC"":0,""PSA"":0,""PAO"":1}"
"43","class","Classdiagram (501).xmi","{""PCOA"":0,""PASC"":0,""POD"":1,""PADV"":0,""PRI"":0,""POG"":1,""POI"":0,""PDA"":0,""PSO"":0,""POP"":0,""POQ"":0,""PABC"":0,""PEN"":0,""PSHA"":1,""PNAA"":1,""PGS"":0,""PTC"":0,""PSA"":0,""PAO"":0}"
"44","class","Classdiagram (141).xmi","{""PCOA"":1,""PASC"":1,""POD"":0,""PADV"":0,""PRI"":0,""POG"":1,""POI"":0,""PDA"":0,""PSO"":0,""POP"":0,""POQ"":0,""PABC"":0,""PEN"":0,""PSHA"":0,""PNAA"":1,""PGS"":0,""PTC"":0,""PSA"":0,""PAO"":0}"
"45","class","GenMyModel_AngryPigs-diag.uml","{""PCOA"":0,""PASC"":0,""POD"":0,""PADV"":0,""PRI"":1,""POG"":0,""POI"":1,""PDA"":0,""PSO"":0,""POP"":0,""POQ"":0,""PABC"":1,""PEN"":0,""PSHA"":0,""PNAA"":0,""PGS"":0,""PTC"":0,""PSA"":0,""PAO"":0}"
"46","class","Classdiagram (80).xmi","{""PCOA"":1,""PASC"":0,""POD"":1,""PADV"":0,""PRI"":0,""POG"":1,""POI"":0,""PDA"":0,""PSO"":0,""POP"":0,""POQ"":0,""PABC"":0,""PEN"":0,""PSHA"":1,""PNAA"":1,""PGS"":0,""PTC"":0,""PSA"":0,""PAO"":0}"
"47","class","Classdiagram (622).xmi","{""PCOA"":0,""PASC"":0,""POD"":0,""PADV"":0,""PRI"":0,""POG"":1,""POI"":0,""PDA"":0,""PSO"":0,""POP"":0,""POQ"":0,""PABC"":0,""PEN"":0,""PSHA"":0,""PNAA"":1,""PGS"":0,""PTC"":0,""PSA"":0,""PAO"":0}"
"48","class","Classdiagram (467).xmi","{""PCOA"":0,""PASC"":0,""POD"":1,""PADV"":0,""PRI"":0,""POG"":1,""POI"":1,""PDA"":0,""PSO"":0,""POP"":0,""POQ"":0,""PABC"":1,""PEN"":0,""PSHA"":1,""PNAA"":1,""PGS"":0,""PTC"":0,""PSA"":0,""PAO"":0}"
"49","class","Classdiagram (319).xmi","{""PCOA"":0,""PASC"":0,""POD"":1,""PADV"":1,""PRI"":0,""POG"":1,""POI"":1,""PDA"":0,""PSO"":0,""POP"":0,""POQ"":0,""PABC"":0,""PEN"":0,""PSHA"":0,""PNAA"":1,""PGS"":0,""PTC"":0,""PSA"":0,""PAO"":0}"
"50","class","Classdiagram (230).xmi","{""PCOA"":0,""PASC"":0,""POD"":0,""PADV"":0,""PRI"":0,""POG"":1,""POI"":0,""PDA"":0,""PSO"":0,""POP"":0,""POQ"":0,""PABC"":0,""PEN"":0,""PSHA"":0,""PNAA"":0,""PGS"":0,""PTC"":0,""PSA"":0,""PAO"":0}"
"51","class","Classdiagram (151).xmi","{""PCOA"":0,""PASC"":0,""POD"":0,""PADV"":0,""PRI"":0,""POG"":0,""POI"":0,""PDA"":0,""PSO"":0,""POP"":0,""POQ"":0,""PABC"":0,""PEN"":0,""PSHA"":1,""PNAA"":1,""PGS"":0,""PTC"":0,""PSA"":0,""PAO"":0}"
"52","class","Classdiagram (372).xmi","{""PCOA"":0,""PASC"":0,""POD"":1,""PADV"":0,""PRI"":0,""POG"":1,""POI"":0,""PDA"":0,""PSO"":0,""POP"":0,""POQ"":0,""PABC"":0,""PEN"":0,""PSHA"":0,""PNAA"":1,""PGS"":0,""PTC"":0,""PSA"":0,""PAO"":0}"
"53","class","Classdiagram (38).xmi","{""PCOA"":1,""PASC"":0,""POD"":1,""PADV"":0,""PRI"":0,""POG"":1,""POI"":0,""PDA"":0,""PSO"":0,""POP"":0,""POQ"":0,""PABC"":1,""PEN"":0,""PSHA"":1,""PNAA"":1,""PGS"":0,""PTC"":0,""PSA"":0,""PAO"":0}"
"54","class","Classdiagram (294).xmi","{""PCOA"":1,""PASC"":0,""POD"":1,""PADV"":0,""PRI"":0,""POG"":1,""POI"":0,""PDA"":0,""PSO"":1,""POP"":0,""POQ"":0,""PABC"":1,""PEN"":0,""PSHA"":1,""PNAA"":1,""PGS"":0,""PTC"":0,""PSA"":1,""PAO"":0}"
"55","class","Classdiagram (309).xmi","{""PCOA"":0,""PASC"":0,""POD"":1,""PADV"":0,""PRI"":0,""POG"":1,""POI"":0,""PDA"":0,""PSO"":0,""POP"":0,""POQ"":0,""PABC"":1,""PEN"":0,""PSHA"":0,""PNAA"":1,""PGS"":0,""PTC"":0,""PSA"":0,""PAO"":0}"
"56","class","Classdiagram (596).xmi","{""PCOA"":1,""PASC"":0,""POD"":1,""PADV"":0,""PRI"":0,""POG"":1,""POI"":0,""PDA"":0,""PSO"":0,""POP"":0,""POQ"":0,""PABC"":1,""PEN"":0,""PSHA"":0,""PNAA"":1,""PGS"":0,""PTC"":0,""PSA"":1,""PAO"":0}"
"57","class","Classdiagram (16).xmi","{""PCOA"":1,""PASC"":0,""POD"":1,""PADV"":0,""PRI"":0,""POG"":0,""POI"":0,""PDA"":0,""PSO"":0,""POP"":0,""POQ"":0,""PABC"":0,""PEN"":0,""PSHA"":0,""PNAA"":1,""PGS"":0,""PTC"":0,""PSA"":0,""PAO"":0}"
"58","class","Classdiagram (201).xmi","{""PCOA"":0,""PASC"":0,""POD"":1,""PADV"":0,""PRI"":0,""POG"":1,""POI"":0,""PDA"":0,""PSO"":1,""POP"":0,""POQ"":0,""PABC"":1,""PEN"":0,""PSHA"":0,""PNAA"":1,""PGS"":0,""PTC"":0,""PSA"":0,""PAO"":1}"
"59","class","Classdiagram (468).xmi","{""PCOA"":0,""PASC"":0,""POD"":1,""PADV"":0,""PRI"":0,""POG"":1,""POI"":0,""PDA"":0,""PSO"":0,""POP"":0,""POQ"":0,""PABC"":1,""PEN"":0,""PSHA"":1,""PNAA"":1,""PGS"":0,""PTC"":0,""PSA"":0,""PAO"":0}"
"60","class","Classdiagram (94).xmi","{""PCOA"":0,""PASC"":0,""POD"":1,""PADV"":0,""PRI"":0,""POG"":1,""POI"":0,""PDA"":0,""PSO"":0,""POP"":0,""POQ"":0,""PABC"":1,""PEN"":0,""PSHA"":1,""PNAA"":1,""PGS"":0,""PTC"":0,""PSA"":0,""PAO"":1}"
"61","class","Classdiagram (506).xmi","{""PCOA"":1,""PASC"":1,""POD"":0,""PADV"":0,""PRI"":0,""POG"":0,""POI"":0,""PDA"":0,""PSO"":0,""POP"":0,""POQ"":0,""PABC"":0,""PEN"":0,""PSHA"":0,""PNAA"":0,""PGS"":0,""PTC"":0,""PSA"":0,""PAO"":0}"
"62","class","Classdiagram (317).xmi","{""PCOA"":1,""PASC"":0,""POD"":0,""PADV"":0,""PRI"":0,""POG"":1,""POI"":0,""PDA"":0,""PSO"":0,""POP"":0,""POQ"":0,""PABC"":0,""PEN"":0,""PSHA"":0,""PNAA"":1,""PGS"":0,""PTC"":0,""PSA"":0,""PAO"":0}"
"63","class","Classdiagram (581).xmi","{""PCOA"":1,""PASC"":0,""POD"":1,""PADV"":0,""PRI"":0,""POG"":1,""POI"":0,""PDA"":0,""PSO"":0,""POP"":0,""POQ"":0,""PABC"":1,""PEN"":0,""PSHA"":0,""PNAA"":1,""PGS"":0,""PTC"":0,""PSA"":1,""PAO"":1}"
"64","class","Classdiagram (24).xmi","{""PCOA"":0,""PASC"":0,""POD"":1,""PADV"":0,""PRI"":0,""POG"":1,""POI"":0,""PDA"":0,""PSO"":0,""POP"":0,""POQ"":0,""PABC"":1,""PEN"":0,""PSHA"":0,""PNAA"":1,""PGS"":0,""PTC"":0,""PSA"":0,""PAO"":1}"
"65","class","Classdiagram (598).xmi","{""PCOA"":1,""PASC"":0,""POD"":1,""PADV"":0,""PRI"":0,""POG"":0,""POI"":1,""PDA"":0,""PSO"":0,""POP"":0,""POQ"":0,""PABC"":0,""PEN"":0,""PSHA"":0,""PNAA"":1,""PGS"":0,""PTC"":0,""PSA"":0,""PAO"":0}"
"66","class","Classdiagram (204).xmi","{""PCOA"":0,""PASC"":0,""POD"":1,""PADV"":0,""PRI"":0,""POG"":1,""POI"":0,""PDA"":0,""PSO"":0,""POP"":0,""POQ"":0,""PABC"":0,""PEN"":1,""PSHA"":1,""PNAA"":1,""PGS"":0,""PTC"":0,""PSA"":0,""PAO"":0}"
"67","class","Classdiagram (121).xmi","{""PCOA"":0,""PASC"":0,""POD"":1,""PADV"":0,""PRI"":0,""POG"":1,""POI"":1,""PDA"":0,""PSO"":0,""POP"":0,""POQ"":0,""PABC"":0,""PEN"":0,""PSHA"":1,""PNAA"":1,""PGS"":0,""PTC"":0,""PSA"":0,""PAO"":0}"
"68","class","Classdiagram (216).xmi","{""PCOA"":0,""PASC"":0,""POD"":0,""PADV"":0,""PRI"":0,""POG"":1,""POI"":0,""PDA"":0,""PSO"":0,""POP"":0,""POQ"":0,""PABC"":0,""PEN"":0,""PSHA"":0,""PNAA"":1,""PGS"":0,""PTC"":0,""PSA"":0,""PAO"":0}"
"69","class","Classdiagram (49).xmi","{""PCOA"":0,""PASC"":0,""POD"":1,""PADV"":1,""PRI"":0,""POG"":1,""POI"":0,""PDA"":0,""PSO"":0,""POP"":0,""POQ"":0,""PABC"":0,""PEN"":0,""PSHA"":1,""PNAA"":1,""PGS"":0,""PTC"":0,""PSA"":1,""PAO"":0}"
"70","class","Classdiagram (335).xmi","{""PCOA"":0,""PASC"":0,""POD"":0,""PADV"":0,""PRI"":0,""POG"":1,""POI"":1,""PDA"":0,""PSO"":0,""POP"":0,""POQ"":0,""PABC"":1,""PEN"":0,""PSHA"":1,""PNAA"":1,""PGS"":0,""PTC"":0,""PSA"":0,""PAO"":0}"
"71","class","Classdiagram (408).xmi","{""PCOA"":0,""PASC"":0,""POD"":0,""PADV"":0,""PRI"":0,""POG"":1,""POI"":1,""PDA"":0,""PSO"":0,""POP"":0,""POQ"":0,""PABC"":0,""PEN"":0,""PSHA"":0,""PNAA"":0,""PGS"":0,""PTC"":0,""PSA"":0,""PAO"":0}"
"72","class","Classdiagram (533).xmi","{""PCOA"":0,""PASC"":0,""POD"":0,""PADV"":0,""PRI"":0,""POG"":1,""POI"":0,""PDA"":0,""PSO"":0,""POP"":0,""POQ"":0,""PABC"":0,""PEN"":0,""PSHA"":1,""PNAA"":1,""PGS"":0,""PTC"":0,""PSA"":0,""PAO"":0}"
"73","class","Classdiagram (33).xmi","{""PCOA"":0,""PASC"":0,""POD"":1,""PADV"":0,""PRI"":0,""POG"":1,""POI"":0,""PDA"":0,""PSO"":0,""POP"":0,""POQ"":0,""PABC"":1,""PEN"":0,""PSHA"":0,""PNAA"":1,""PGS"":0,""PTC"":0,""PSA"":0,""PAO"":1}"
"74","class","Classdiagram (23).xmi","{""PCOA"":0,""PASC"":0,""POD"":1,""PADV"":0,""PRI"":0,""POG"":1,""POI"":0,""PDA"":0,""PSO"":0,""POP"":0,""POQ"":0,""PABC"":0,""PEN"":0,""PSHA"":0,""PNAA"":1,""PGS"":0,""PTC"":0,""PSA"":0,""PAO"":0}"
"75","class","Classdiagram (8).xmi","{""PCOA"":0,""PASC"":0,""POD"":0,""PADV"":0,""PRI"":0,""POG"":1,""POI"":0,""PDA"":0,""PSO"":0,""POP"":0,""POQ"":0,""PABC"":1,""PEN"":0,""PSHA"":0,""PNAA"":1,""PGS"":0,""PTC"":0,""PSA"":0,""PAO"":0}"
"76","class","Classdiagram (167).xmi","{""PCOA"":0,""PASC"":0,""POD"":1,""PADV"":0,""PRI"":0,""POG"":0,""POI"":1,""PDA"":0,""PSO"":1,""POP"":0,""POQ"":0,""PABC"":0,""PEN"":0,""PSHA"":0,""PNAA"":1,""PGS"":0,""PTC"":0,""PSA"":0,""PAO"":0}"
"77","class","Classdiagram (396).xmi","{""PCOA"":1,""PASC"":0,""POD"":1,""PADV"":0,""PRI"":0,""POG"":1,""POI"":0,""PDA"":0,""PSO"":0,""POP"":0,""POQ"":0,""PABC"":1,""PEN"":0,""PSHA"":1,""PNAA"":1,""PGS"":0,""PTC"":0,""PSA"":0,""PAO"":0}"
"78","class","Classdiagram (48).xmi","{""PCOA"":1,""PASC"":0,""POD"":1,""PADV"":0,""PRI"":0,""POG"":0,""POI"":1,""PDA"":0,""PSO"":0,""POP"":0,""POQ"":0,""PABC"":0,""PEN"":0,""PSHA"":1,""PNAA"":0,""PGS"":0,""PTC"":0,""PSA"":1,""PAO"":0}"
"79","class","Classdiagram (37).xmi","{""PCOA"":0,""PASC"":0,""POD"":1,""PADV"":0,""PRI"":0,""POG"":1,""POI"":0,""PDA"":0,""PSO"":1,""POP"":0,""POQ"":0,""PABC"":1,""PEN"":0,""PSHA"":1,""PNAA"":1,""PGS"":0,""PTC"":0,""PSA"":1,""PAO"":0}"
"80","class","Classdiagram (380).xmi","{""PCOA"":0,""PASC"":0,""POD"":0,""PADV"":0,""PRI"":0,""POG"":0,""POI"":0,""PDA"":0,""PSO"":0,""POP"":0,""POQ"":0,""PABC"":0,""PEN"":0,""PSHA"":0,""PNAA"":1,""PGS"":0,""PTC"":0,""PSA"":0,""PAO"":0}"
"81","class","Classdiagram (123).xmi","{""PCOA"":0,""PASC"":0,""POD"":1,""PADV"":0,""PRI"":0,""POG"":1,""POI"":0,""PDA"":0,""PSO"":1,""POP"":0,""POQ"":0,""PABC"":1,""PEN"":0,""PSHA"":0,""PNAA"":1,""PGS"":0,""PTC"":0,""PSA"":0,""PAO"":1}"
"82","class","Classdiagram (188).xmi","{""PCOA"":0,""PASC"":0,""POD"":0,""PADV"":0,""PRI"":0,""POG"":0,""POI"":0,""PDA"":0,""PSO"":0,""POP"":0,""POQ"":0,""PABC"":0,""PEN"":0,""PSHA"":0,""PNAA"":1,""PGS"":0,""PTC"":0,""PSA"":0,""PAO"":0}"
"83","class","Classdiagram (36).xmi","{""PCOA"":1,""PASC"":0,""POD"":1,""PADV"":0,""PRI"":0,""POG"":1,""POI"":0,""PDA"":0,""PSO"":0,""POP"":0,""POQ"":0,""PABC"":0,""PEN"":0,""PSHA"":1,""PNAA"":1,""PGS"":0,""PTC"":0,""PSA"":0,""PAO"":0}"
"84","class","javaGeom-0.11.1_geom3d.uml","{""PCOA"":0,""PASC"":0,""POD"":1,""PADV"":1,""PRI"":1,""POG"":0,""POI"":1,""PDA"":0,""PSO"":1,""POP"":0,""POQ"":0,""PABC"":0,""PEN"":0,""PSHA"":0,""PNAA"":0,""PGS"":0,""PTC"":0,""PSA"":1,""PAO"":1}"
"85","class","Classdiagram (312).xmi","{""PCOA"":1,""PASC"":0,""POD"":0,""PADV"":0,""PRI"":0,""POG"":1,""POI"":0,""PDA"":0,""PSO"":0,""POP"":0,""POQ"":0,""PABC"":0,""PEN"":0,""PSHA"":0,""PNAA"":1,""PGS"":0,""PTC"":0,""PSA"":0,""PAO"":0}"
"86","class","Classdiagram (400).xmi","{""PCOA"":0,""PASC"":0,""POD"":1,""PADV"":0,""PRI"":0,""POG"":1,""POI"":0,""PDA"":0,""PSO"":0,""POP"":0,""POQ"":0,""PABC"":1,""PEN"":0,""PSHA"":0,""PNAA"":1,""PGS"":0,""PTC"":0,""PSA"":0,""PAO"":1}"
"87","class","Classdiagram (172).xmi","{""PCOA"":1,""PASC"":0,""POD"":1,""PADV"":0,""PRI"":0,""POG"":0,""POI"":0,""PDA"":0,""PSO"":0,""POP"":0,""POQ"":0,""PABC"":0,""PEN"":0,""PSHA"":0,""PNAA"":1,""PGS"":0,""PTC"":0,""PSA"":0,""PAO"":0}"
"88","class","Classdiagram (113).xmi","{""PCOA"":0,""PASC"":0,""POD"":0,""PADV"":0,""PRI"":0,""POG"":0,""POI"":0,""PDA"":0,""PSO"":0,""POP"":0,""POQ"":0,""PABC"":0,""PEN"":0,""PSHA"":1,""PNAA"":1,""PGS"":0,""PTC"":0,""PSA"":0,""PAO"":0}"
"89","class","Classdiagram (615).xmi","{""PCOA"":0,""PASC"":0,""POD"":1,""PADV"":0,""PRI"":0,""POG"":1,""POI"":0,""PDA"":0,""PSO"":0,""POP"":0,""POQ"":0,""PABC"":1,""PEN"":0,""PSHA"":0,""PNAA"":1,""PGS"":0,""PTC"":0,""PSA"":1,""PAO"":0}"
"90","class","Classdiagram (2).xmi","{""PCOA"":1,""PASC"":0,""POD"":1,""PADV"":0,""PRI"":0,""POG"":1,""POI"":0,""PDA"":0,""PSO"":0,""POP"":0,""POQ"":0,""PABC"":0,""PEN"":0,""PSHA"":0,""PNAA"":1,""PGS"":0,""PTC"":0,""PSA"":0,""PAO"":0}"
"91","class","javaGeom-0.11.1_geom2s.uml","{""PCOA"":0,""PASC"":0,""POD"":0,""PADV"":0,""PRI"":1,""POG"":0,""POI"":1,""PDA"":0,""PSO"":0,""POP"":0,""POQ"":0,""PABC"":0,""PEN"":0,""PSHA"":0,""PNAA"":0,""PGS"":0,""PTC"":0,""PSA"":0,""PAO"":0}"
"92","class","Classdiagram (91).xmi","{""PCOA"":0,""PASC"":0,""POD"":1,""PADV"":0,""PRI"":0,""POG"":1,""POI"":1,""PDA"":0,""PSO"":1,""POP"":0,""POQ"":0,""PABC"":0,""PEN"":0,""PSHA"":0,""PNAA"":1,""PGS"":0,""PTC"":0,""PSA"":1,""PAO"":1}"
"93","class","Classdiagram (200).xmi","{""PCOA"":0,""PASC"":0,""POD"":1,""PADV"":0,""PRI"":0,""POG"":1,""POI"":0,""PDA"":0,""PSO"":0,""POP"":0,""POQ"":0,""PABC"":0,""PEN"":0,""PSHA"":0,""PNAA"":1,""PGS"":0,""PTC"":0,""PSA"":0,""PAO"":0}"
"94","class","Classdiagram (268).xmi","{""PCOA"":0,""PASC"":0,""POD"":0,""PADV"":0,""PRI"":0,""POG"":0,""POI"":0,""PDA"":0,""PSO"":0,""POP"":0,""POQ"":0,""PABC"":0,""PEN"":0,""PSHA"":0,""PNAA"":1,""PGS"":0,""PTC"":0,""PSA"":0,""PAO"":0}"
"95","class","Classdiagram (460).xmi","{""PCOA"":0,""PASC"":0,""POD"":1,""PADV"":0,""PRI"":0,""POG"":0,""POI"":1,""PDA"":0,""PSO"":0,""POP"":0,""POQ"":0,""PABC"":1,""PEN"":0,""PSHA"":1,""PNAA"":0,""PGS"":0,""PTC"":0,""PSA"":0,""PAO"":1}"
"96","class","Classdiagram (258).xmi","{""PCOA"":0,""PASC"":0,""POD"":0,""PADV"":0,""PRI"":0,""POG"":1,""POI"":0,""PDA"":0,""PSO"":0,""POP"":0,""POQ"":0,""PABC"":0,""PEN"":0,""PSHA"":1,""PNAA"":1,""PGS"":0,""PTC"":0,""PSA"":0,""PAO"":0}"
"97","class","Classdiagram (619).xmi","{""PCOA"":1,""PASC"":0,""POD"":1,""PADV"":0,""PRI"":0,""POG"":1,""POI"":0,""PDA"":0,""PSO"":0,""POP"":0,""POQ"":0,""PABC"":0,""PEN"":0,""PSHA"":0,""PNAA"":1,""PGS"":0,""PTC"":0,""PSA"":0,""PAO"":0}"
"98","class","Classdiagram (470).xmi","{""PCOA"":0,""PASC"":0,""POD"":0,""PADV"":0,""PRI"":0,""POG"":1,""POI"":0,""PDA"":0,""PSO"":0,""POP"":0,""POQ"":0,""PABC"":1,""PEN"":0,""PSHA"":1,""PNAA"":1,""PGS"":0,""PTC"":0,""PSA"":0,""PAO"":1}"
"99","class","Classdiagram (572).xmi","{""PCOA"":0,""PASC"":0,""POD"":0,""PADV"":0,""PRI"":0,""POG"":1,""POI"":0,""PDA"":0,""PSO"":0,""POP"":0,""POQ"":0,""PABC"":1,""PEN"":0,""PSHA"":0,""PNAA"":0,""PGS"":0,""PTC"":0,""PSA"":0,""PAO"":1}"
"100","class","Classdiagram (241).xmi","{""PCOA"":1,""PASC"":0,""POD"":0,""PADV"":0,""PRI"":0,""POG"":1,""POI"":0,""PDA"":0,""PSO"":0,""POP"":0,""POQ"":0,""PABC"":1,""PEN"":0,""PSHA"":0,""PNAA"":1,""PGS"":0,""PTC"":0,""PSA"":0,""PAO"":0}"
"101","class","Classdiagram (185).xmi","{""PCOA"":0,""PASC"":0,""POD"":1,""PADV"":0,""PRI"":0,""POG"":1,""POI"":0,""PDA"":0,""PSO"":0,""POP"":0,""POQ"":0,""PABC"":1,""PEN"":0,""PSHA"":0,""PNAA"":1,""PGS"":0,""PTC"":0,""PSA"":0,""PAO"":1}"
"102","class","GenSetExample-HealthInsurance.uml","{""PCOA"":0,""PASC"":0,""POD"":0,""PADV"":0,""PRI"":0,""POG"":0,""POI"":0,""PDA"":0,""PSO"":0,""POP"":0,""POQ"":0,""PABC"":0,""PEN"":0,""PSHA"":0,""PNAA"":0,""PGS"":1,""PTC"":0,""PSA"":0,""PAO"":0}"
"103","class","Classdiagram (425).xmi","{""PCOA"":1,""PASC"":0,""POD"":0,""PADV"":0,""PRI"":0,""POG"":0,""POI"":0,""PDA"":0,""PSO"":0,""POP"":0,""POQ"":0,""PABC"":0,""PEN"":0,""PSHA"":0,""PNAA"":1,""PGS"":0,""PTC"":0,""PSA"":0,""PAO"":0}"
"104","class","Classdiagram (139).xmi","{""PCOA"":0,""PASC"":0,""POD"":1,""PADV"":0,""PRI"":0,""POG"":1,""POI"":0,""PDA"":0,""PSO"":0,""POP"":0,""POQ"":0,""PABC"":1,""PEN"":0,""PSHA"":1,""PNAA"":1,""PGS"":0,""PTC"":0,""PSA"":0,""PAO"":0}"
"105","class","JavaGraticule3D-CT_IO.uml","{""PCOA"":0,""PASC"":0,""POD"":1,""PADV"":1,""PRI"":0,""POG"":0,""POI"":0,""PDA"":0,""PSO"":0,""POP"":0,""POQ"":0,""PABC"":0,""PEN"":0,""PSHA"":0,""PNAA"":0,""PGS"":0,""PTC"":0,""PSA"":1,""PAO"":0}"
"106","class","Classdiagram (45).xmi","{""PCOA"":0,""PASC"":0,""POD"":0,""PADV"":0,""PRI"":0,""POG"":1,""POI"":0,""PDA"":0,""PSO"":0,""POP"":0,""POQ"":0,""PABC"":0,""PEN"":0,""PSHA"":0,""PNAA"":1,""PGS"":0,""PTC"":0,""PSA"":0,""PAO"":0}"
"107","class","Classdiagram (83).xmi","{""PCOA"":0,""PASC"":0,""POD"":0,""PADV"":1,""PRI"":0,""POG"":1,""POI"":0,""PDA"":0,""PSO"":0,""POP"":0,""POQ"":0,""PABC"":0,""PEN"":0,""PSHA"":0,""PNAA"":0,""PGS"":0,""PTC"":0,""PSA"":1,""PAO"":0}"
"108","class","Classdiagram (418).xmi","{""PCOA"":1,""PASC"":1,""POD"":0,""PADV"":0,""PRI"":0,""POG"":1,""POI"":0,""PDA"":0,""PSO"":0,""POP"":0,""POQ"":0,""PABC"":0,""PEN"":0,""PSHA"":1,""PNAA"":0,""PGS"":0,""PTC"":0,""PSA"":0,""PAO"":0}"
"109","class","Classdiagram (131).xmi","{""PCOA"":0,""PASC"":0,""POD"":0,""PADV"":0,""PRI"":0,""POG"":1,""POI"":0,""PDA"":0,""PSO"":0,""POP"":0,""POQ"":0,""PABC"":0,""PEN"":0,""PSHA"":0,""PNAA"":0,""PGS"":0,""PTC"":0,""PSA"":0,""PAO"":0}"
"110","class","Classdiagram (641).xmi","{""PCOA"":0,""PASC"":0,""POD"":0,""PADV"":0,""PRI"":0,""POG"":1,""POI"":0,""PDA"":0,""PSO"":0,""POP"":0,""POQ"":0,""PABC"":1,""PEN"":0,""PSHA"":0,""PNAA"":0,""PGS"":1,""PTC"":0,""PSA"":0,""PAO"":0}"
"111","class","Classdiagram (588).xmi","{""PCOA"":0,""PASC"":0,""POD"":1,""PADV"":0,""PRI"":0,""POG"":0,""POI"":1,""PDA"":0,""PSO"":0,""POP"":0,""POQ"":0,""PABC"":0,""PEN"":0,""PSHA"":0,""PNAA"":1,""PGS"":0,""PTC"":0,""PSA"":0,""PAO"":0}"
"112","class","Classdiagram (78).xmi","{""PCOA"":0,""PASC"":0,""POD"":0,""PADV"":0,""PRI"":0,""POG"":1,""POI"":0,""PDA"":0,""PSO"":0,""POP"":0,""POQ"":0,""PABC"":1,""PEN"":0,""PSHA"":0,""PNAA"":0,""PGS"":0,""PTC"":0,""PSA"":0,""PAO"":0}"
"113","class","GenMyModel_LI_uloha_2-diag.uml","{""PCOA"":0,""PASC"":0,""POD"":0,""PADV"":0,""PRI"":0,""POG"":0,""POI"":0,""PDA"":0,""PSO"":0,""POP"":0,""POQ"":0,""PABC"":0,""PEN"":1,""PSHA"":0,""PNAA"":0,""PGS"":0,""PTC"":0,""PSA"":0,""PAO"":0}"
"114","class","Classdiagram (543).xmi","{""PCOA"":0,""PASC"":0,""POD"":1,""PADV"":0,""PRI"":0,""POG"":1,""POI"":0,""PDA"":0,""PSO"":1,""POP"":0,""POQ"":0,""PABC"":1,""PEN"":0,""PSHA"":0,""PNAA"":1,""PGS"":0,""PTC"":0,""PSA"":0,""PAO"":1}"
"115","class","Classdiagram (478).xmi","{""PCOA"":0,""PASC"":0,""POD"":1,""PADV"":0,""PRI"":0,""POG"":1,""POI"":0,""PDA"":0,""PSO"":1,""POP"":0,""POQ"":0,""PABC"":1,""PEN"":0,""PSHA"":0,""PNAA"":1,""PGS"":0,""PTC"":0,""PSA"":0,""PAO"":1}"
"116","class","Classdiagram (64).xmi","{""PCOA"":0,""PASC"":0,""POD"":0,""PADV"":0,""PRI"":0,""POG"":1,""POI"":0,""PDA"":0,""PSO"":0,""POP"":0,""POQ"":0,""PABC"":0,""PEN"":0,""PSHA"":0,""PNAA"":1,""PGS"":0,""PTC"":0,""PSA"":0,""PAO"":0}"
"117","class","Classdiagram (280).xmi","{""PCOA"":1,""PASC"":0,""POD"":0,""PADV"":0,""PRI"":0,""POG"":1,""POI"":0,""PDA"":0,""PSO"":0,""POP"":0,""POQ"":0,""PABC"":0,""PEN"":0,""PSHA"":1,""PNAA"":1,""PGS"":0,""PTC"":0,""PSA"":0,""PAO"":0}"
"118","class","Classdiagram (432).xmi","{""PCOA"":0,""PASC"":0,""POD"":0,""PADV"":0,""PRI"":0,""POG"":0,""POI"":0,""PDA"":0,""PSO"":0,""POP"":0,""POQ"":0,""PABC"":0,""PEN"":0,""PSHA"":1,""PNAA"":1,""PGS"":0,""PTC"":0,""PSA"":0,""PAO"":0}"
"119","class","SimpleLibrary.uml","{""PCOA"":1,""PASC"":0,""POD"":1,""PADV"":0,""PRI"":0,""POG"":0,""POI"":1,""PDA"":0,""PSO"":0,""POP"":0,""POQ"":0,""PABC"":1,""PEN"":1,""PSHA"":1,""PNAA"":1,""PGS"":0,""PTC"":0,""PSA"":0,""PAO"":0}"
"120","class","Classdiagram (162).xmi","{""PCOA"":0,""PASC"":0,""POD"":0,""PADV"":0,""PRI"":0,""POG"":1,""POI"":0,""PDA"":0,""PSO"":0,""POP"":0,""POQ"":0,""PABC"":0,""PEN"":0,""PSHA"":1,""PNAA"":1,""PGS"":0,""PTC"":0,""PSA"":0,""PAO"":0}"
"121","class","Classdiagram (323).xmi","{""PCOA"":0,""PASC"":0,""POD"":1,""PADV"":0,""PRI"":0,""POG"":1,""POI"":0,""PDA"":0,""PSO"":0,""POP"":0,""POQ"":0,""PABC"":1,""PEN"":0,""PSHA"":0,""PNAA"":1,""PGS"":0,""PTC"":0,""PSA"":0,""PAO"":0}"
"122","class","Classdiagram (217).xmi","{""PCOA"":0,""PASC"":0,""POD"":1,""PADV"":0,""PRI"":0,""POG"":1,""POI"":0,""PDA"":0,""PSO"":0,""POP"":0,""POQ"":0,""PABC"":0,""PEN"":0,""PSHA"":1,""PNAA"":1,""PGS"":0,""PTC"":0,""PSA"":0,""PAO"":0}"
"123","class","Classdiagram (194).xmi","{""PCOA"":1,""PASC"":0,""POD"":0,""PADV"":0,""PRI"":0,""POG"":1,""POI"":0,""PDA"":0,""PSO"":0,""POP"":0,""POQ"":0,""PABC"":0,""PEN"":0,""PSHA"":1,""PNAA"":1,""PGS"":0,""PTC"":0,""PSA"":0,""PAO"":0}"
"124","class","Classdiagram (480).xmi","{""PCOA"":0,""PASC"":0,""POD"":0,""PADV"":0,""PRI"":0,""POG"":0,""POI"":0,""PDA"":0,""PSO"":0,""POP"":0,""POQ"":0,""PABC"":0,""PEN"":0,""PSHA"":1,""PNAA"":1,""PGS"":0,""PTC"":0,""PSA"":0,""PAO"":0}"
"125","class","Classdiagram (69).xmi","{""PCOA"":0,""PASC"":0,""POD"":0,""PADV"":0,""PRI"":0,""POG"":1,""POI"":0,""PDA"":0,""PSO"":0,""POP"":0,""POQ"":0,""PABC"":1,""PEN"":0,""PSHA"":0,""PNAA"":1,""PGS"":0,""PTC"":0,""PSA"":0,""PAO"":0}"
"126","class","Classdiagram (449).xmi","{""PCOA"":1,""PASC"":0,""POD"":1,""PADV"":0,""PRI"":0,""POG"":1,""POI"":1,""PDA"":0,""PSO"":0,""POP"":0,""POQ"":0,""PABC"":0,""PEN"":1,""PSHA"":1,""PNAA"":1,""PGS"":0,""PTC"":0,""PSA"":0,""PAO"":0}"
"127","class","Classdiagram (10).xmi","{""PCOA"":1,""PASC"":0,""POD"":1,""PADV"":0,""PRI"":0,""POG"":1,""POI"":0,""PDA"":0,""PSO"":0,""POP"":0,""POQ"":0,""PABC"":0,""PEN"":0,""PSHA"":1,""PNAA"":1,""PGS"":0,""PTC"":0,""PSA"":0,""PAO"":0}"
"128","class","Classdiagram (128).xmi","{""PCOA"":0,""PASC"":0,""POD"":0,""PADV"":0,""PRI"":0,""POG"":1,""POI"":0,""PDA"":0,""PSO"":0,""POP"":0,""POQ"":0,""PABC"":0,""PEN"":0,""PSHA"":0,""PNAA"":1,""PGS"":0,""PTC"":0,""PSA"":0,""PAO"":0}"
"129","class","Classdiagram (41).xmi","{""PCOA"":1,""PASC"":0,""POD"":0,""PADV"":0,""PRI"":0,""POG"":0,""POI"":0,""PDA"":0,""PSO"":0,""POP"":0,""POQ"":0,""PABC"":0,""PEN"":1,""PSHA"":0,""PNAA"":1,""PGS"":0,""PTC"":0,""PSA"":0,""PAO"":0}"
"130","class","AddressBook_Servlet.uml","{""PCOA"":0,""PASC"":0,""POD"":1,""PADV"":1,""PRI"":0,""POG"":0,""POI"":0,""PDA"":0,""PSO"":1,""POP"":0,""POQ"":0,""PABC"":1,""PEN"":0,""PSHA"":0,""PNAA"":0,""PGS"":0,""PTC"":0,""PSA"":1,""PAO"":0}"
"131","class","Classdiagram (176).xmi","{""PCOA"":1,""PASC"":0,""POD"":1,""PADV"":0,""PRI"":0,""POG"":1,""POI"":0,""PDA"":0,""PSO"":1,""POP"":0,""POQ"":0,""PABC"":0,""PEN"":0,""PSHA"":1,""PNAA"":1,""PGS"":0,""PTC"":0,""PSA"":1,""PAO"":0}"
"132","class","Classdiagram (95).xmi","{""PCOA"":1,""PASC"":0,""POD"":0,""PADV"":0,""PRI"":0,""POG"":0,""POI"":0,""PDA"":0,""PSO"":0,""POP"":0,""POQ"":0,""PABC"":0,""PEN"":0,""PSHA"":1,""PNAA"":1,""PGS"":0,""PTC"":0,""PSA"":0,""PAO"":0}"
"133","class","Classdiagram (445).xmi","{""PCOA"":0,""PASC"":0,""POD"":1,""PADV"":0,""PRI"":0,""POG"":1,""POI"":0,""PDA"":0,""PSO"":0,""POP"":0,""POQ"":0,""PABC"":0,""PEN"":0,""PSHA"":1,""PNAA"":1,""PGS"":0,""PTC"":0,""PSA"":0,""PAO"":0}"
"134","class","GenMyModel_Bridge-diag.uml","{""PCOA"":0,""PASC"":0,""POD"":0,""PADV"":0,""PRI"":1,""POG"":0,""POI"":1,""PDA"":0,""PSO"":0,""POP"":0,""POQ"":0,""PABC"":1,""PEN"":0,""PSHA"":0,""PNAA"":1,""PGS"":0,""PTC"":0,""PSA"":0,""PAO"":0}"
"135","class","Classdiagram (639).xmi","{""PCOA"":0,""PASC"":0,""POD"":1,""PADV"":0,""PRI"":0,""POG"":1,""POI"":1,""PDA"":0,""PSO"":0,""POP"":0,""POQ"":0,""PABC"":0,""PEN"":0,""PSHA"":0,""PNAA"":1,""PGS"":0,""PTC"":0,""PSA"":0,""PAO"":0}"
"136","class","Classdiagram (175).xmi","{""PCOA"":1,""PASC"":0,""POD"":0,""PADV"":0,""PRI"":0,""POG"":0,""POI"":0,""PDA"":0,""PSO"":0,""POP"":0,""POQ"":0,""PABC"":0,""PEN"":0,""PSHA"":0,""PNAA"":1,""PGS"":0,""PTC"":0,""PSA"":0,""PAO"":0}"
"137","class","Classdiagram (644).xmi","{""PCOA"":1,""PASC"":0,""POD"":1,""PADV"":0,""PRI"":0,""POG"":1,""POI"":0,""PDA"":0,""PSO"":0,""POP"":0,""POQ"":0,""PABC"":1,""PEN"":0,""PSHA"":0,""PNAA"":1,""PGS"":0,""PTC"":0,""PSA"":1,""PAO"":0}"
"138","class","Classdiagram (338).xmi","{""PCOA"":1,""PASC"":0,""POD"":1,""PADV"":0,""PRI"":0,""POG"":1,""POI"":0,""PDA"":0,""PSO"":0,""POP"":0,""POQ"":0,""PABC"":0,""PEN"":0,""PSHA"":1,""PNAA"":1,""PGS"":0,""PTC"":0,""PSA"":0,""PAO"":0}"
"139","class","Classdiagram (534).xmi","{""PCOA"":0,""PASC"":0,""POD"":0,""PADV"":0,""PRI"":0,""POG"":0,""POI"":0,""PDA"":0,""PSO"":0,""POP"":0,""POQ"":0,""PABC"":0,""PEN"":0,""PSHA"":0,""PNAA"":1,""PGS"":0,""PTC"":0,""PSA"":0,""PAO"":0}"
"140","class","Classdiagram (132).xmi","{""PCOA"":0,""PASC"":0,""POD"":0,""PADV"":0,""PRI"":0,""POG"":1,""POI"":0,""PDA"":0,""PSO"":0,""POP"":0,""POQ"":0,""PABC"":0,""PEN"":0,""PSHA"":0,""PNAA"":1,""PGS"":0,""PTC"":0,""PSA"":0,""PAO"":0}"
"141","class","Classdiagram (244).xmi","{""PCOA"":0,""PASC"":1,""POD"":0,""PADV"":0,""PRI"":0,""POG"":1,""POI"":0,""PDA"":0,""PSO"":0,""POP"":0,""POQ"":0,""PABC"":0,""PEN"":0,""PSHA"":0,""PNAA"":1,""PGS"":0,""PTC"":0,""PSA"":0,""PAO"":0}"
"142","class","Classdiagram (378).xmi","{""PCOA"":1,""PASC"":0,""POD"":1,""PADV"":0,""PRI"":0,""POG"":1,""POI"":0,""PDA"":0,""PSO"":1,""POP"":0,""POQ"":0,""PABC"":0,""PEN"":0,""PSHA"":0,""PNAA"":1,""PGS"":0,""PTC"":0,""PSA"":0,""PAO"":0}"
"143","class","Classdiagram (250).xmi","{""PCOA"":1,""PASC"":0,""POD"":0,""PADV"":0,""PRI"":0,""POG"":0,""POI"":0,""PDA"":0,""PSO"":0,""POP"":0,""POQ"":0,""PABC"":0,""PEN"":0,""PSHA"":0,""PNAA"":1,""PGS"":0,""PTC"":0,""PSA"":0,""PAO"":0}"
"144","class","Classdiagram (87).xmi","{""PCOA"":0,""PASC"":0,""POD"":1,""PADV"":0,""PRI"":0,""POG"":1,""POI"":0,""PDA"":0,""PSO"":0,""POP"":0,""POQ"":0,""PABC"":0,""PEN"":0,""PSHA"":1,""PNAA"":1,""PGS"":0,""PTC"":0,""PSA"":0,""PAO"":0}"
"145","class","Classdiagram (142).xmi","{""PCOA"":0,""PASC"":0,""POD"":1,""PADV"":0,""PRI"":0,""POG"":1,""POI"":1,""PDA"":0,""PSO"":0,""POP"":0,""POQ"":0,""PABC"":1,""PEN"":0,""PSHA"":1,""PNAA"":1,""PGS"":0,""PTC"":0,""PSA"":1,""PAO"":1}"
"146","class","Classdiagram (92).xmi","{""PCOA"":0,""PASC"":0,""POD"":1,""PADV"":0,""PRI"":0,""POG"":1,""POI"":0,""PDA"":0,""PSO"":0,""POP"":0,""POQ"":0,""PABC"":0,""PEN"":0,""PSHA"":1,""PNAA"":1,""PGS"":0,""PTC"":0,""PSA"":0,""PAO"":0}"
"147","class","Evbsrcs_com_sderhy.uml","{""PCOA"":0,""PASC"":0,""POD"":1,""PADV"":1,""PRI"":0,""POG"":0,""POI"":1,""PDA"":0,""PSO"":1,""POP"":0,""POQ"":0,""PABC"":1,""PEN"":0,""PSHA"":0,""PNAA"":0,""PGS"":0,""PTC"":0,""PSA"":1,""PAO"":1}"
"148","class","Classdiagram (187).xmi","{""PCOA"":0,""PASC"":0,""POD"":0,""PADV"":0,""PRI"":0,""POG"":1,""POI"":0,""PDA"":0,""PSO"":0,""POP"":0,""POQ"":0,""PABC"":0,""PEN"":0,""PSHA"":0,""PNAA"":1,""PGS"":0,""PTC"":0,""PSA"":0,""PAO"":0}"
"149","class","Classdiagram (503).xmi","{""PCOA"":1,""PASC"":0,""POD"":1,""PADV"":0,""PRI"":0,""POG"":1,""POI"":0,""PDA"":0,""PSO"":0,""POP"":0,""POQ"":0,""PABC"":0,""PEN"":0,""PSHA"":0,""PNAA"":1,""PGS"":0,""PTC"":0,""PSA"":0,""PAO"":0}"
"150","class","Classdiagram (584).xmi","{""PCOA"":1,""PASC"":0,""POD"":0,""PADV"":0,""PRI"":0,""POG"":0,""POI"":0,""PDA"":0,""PSO"":0,""POP"":0,""POQ"":0,""PABC"":0,""PEN"":0,""PSHA"":1,""PNAA"":1,""PGS"":0,""PTC"":0,""PSA"":0,""PAO"":0}"
"151","class","GenMyModel_lala-diag.uml","{""PCOA"":0,""PASC"":0,""POD"":0,""PADV"":0,""PRI"":0,""POG"":0,""POI"":0,""PDA"":0,""PSO"":0,""POP"":0,""POQ"":0,""PABC"":0,""PEN"":0,""PSHA"":0,""PNAA"":0,""PGS"":0,""PTC"":0,""PSA"":0,""PAO"":0}"
"152","class","Classdiagram (269).xmi","{""PCOA"":0,""PASC"":0,""POD"":0,""PADV"":0,""PRI"":0,""POG"":1,""POI"":0,""PDA"":0,""PSO"":0,""POP"":0,""POQ"":0,""PABC"":1,""PEN"":0,""PSHA"":0,""PNAA"":0,""PGS"":0,""PTC"":0,""PSA"":0,""PAO"":1}"
"153","class","Classdiagram (427).xmi","{""PCOA"":1,""PASC"":0,""POD"":0,""PADV"":0,""PRI"":0,""POG"":1,""POI"":0,""PDA"":0,""PSO"":0,""POP"":0,""POQ"":0,""PABC"":0,""PEN"":0,""PSHA"":0,""PNAA"":1,""PGS"":0,""PTC"":0,""PSA"":0,""PAO"":0}"
"154","class","Classdiagram (688).xmi","{""PCOA"":1,""PASC"":0,""POD"":0,""PADV"":0,""PRI"":0,""POG"":1,""POI"":0,""PDA"":0,""PSO"":0,""POP"":0,""POQ"":0,""PABC"":1,""PEN"":0,""PSHA"":1,""PNAA"":1,""PGS"":0,""PTC"":0,""PSA"":0,""PAO"":0}"
"155","class","Classdiagram (494).xmi","{""PCOA"":0,""PASC"":0,""POD"":0,""PADV"":0,""PRI"":0,""POG"":1,""POI"":0,""PDA"":0,""PSO"":0,""POP"":0,""POQ"":0,""PABC"":0,""PEN"":0,""PSHA"":1,""PNAA"":1,""PGS"":0,""PTC"":0,""PSA"":0,""PAO"":0}"
"156","class","Classdiagram (261).xmi","{""PCOA"":1,""PASC"":0,""POD"":1,""PADV"":0,""PRI"":0,""POG"":1,""POI"":0,""PDA"":0,""PSO"":0,""POP"":0,""POQ"":0,""PABC"":1,""PEN"":0,""PSHA"":0,""PNAA"":1,""PGS"":0,""PTC"":0,""PSA"":1,""PAO"":1}"
"157","class","Classdiagram (693).xmi","{""PCOA"":1,""PASC"":0,""POD"":0,""PADV"":0,""PRI"":0,""POG"":1,""POI"":0,""PDA"":0,""PSO"":0,""POP"":0,""POQ"":0,""PABC"":1,""PEN"":0,""PSHA"":0,""PNAA"":1,""PGS"":0,""PTC"":0,""PSA"":0,""PAO"":0}"
"158","class","Classdiagram (192).xmi","{""PCOA"":0,""PASC"":0,""POD"":1,""PADV"":0,""PRI"":0,""POG"":1,""POI"":0,""PDA"":0,""PSO"":0,""POP"":0,""POQ"":0,""PABC"":0,""PEN"":0,""PSHA"":0,""PNAA"":1,""PGS"":0,""PTC"":0,""PSA"":0,""PAO"":0}"
"159","class","GenMyModel_PERSONA-diag.uml","{""PCOA"":0,""PASC"":0,""POD"":0,""PADV"":0,""PRI"":0,""POG"":0,""POI"":0,""PDA"":0,""PSO"":0,""POP"":0,""POQ"":0,""PABC"":0,""PEN"":0,""PSHA"":0,""PNAA"":0,""PGS"":0,""PTC"":0,""PSA"":0,""PAO"":0}"
"160","class","Classdiagram (653).xmi","{""PCOA"":0,""PASC"":0,""POD"":1,""PADV"":0,""PRI"":0,""POG"":1,""POI"":1,""PDA"":0,""PSO"":0,""POP"":0,""POQ"":0,""PABC"":0,""PEN"":0,""PSHA"":0,""PNAA"":1,""PGS"":0,""PTC"":0,""PSA"":0,""PAO"":0}"
"161","class","Classdiagram (70).xmi","{""PCOA"":0,""PASC"":0,""POD"":0,""PADV"":0,""PRI"":0,""POG"":0,""POI"":0,""PDA"":0,""PSO"":0,""POP"":0,""POQ"":0,""PABC"":0,""PEN"":0,""PSHA"":0,""PNAA"":0,""PGS"":0,""PTC"":0,""PSA"":0,""PAO"":0}"
"162","class","JavaGraticule3D-CT_Neighbourhood.uml","{""PCOA"":0,""PASC"":0,""POD"":1,""PADV"":1,""PRI"":0,""POG"":0,""POI"":0,""PDA"":0,""PSO"":0,""POP"":0,""POQ"":0,""PABC"":1,""PEN"":0,""PSHA"":0,""PNAA"":0,""PGS"":0,""PTC"":0,""PSA"":1,""PAO"":1}"
"163","class","Classdiagram (492).xmi","{""PCOA"":0,""PASC"":0,""POD"":0,""PADV"":0,""PRI"":0,""POG"":1,""POI"":0,""PDA"":0,""PSO"":0,""POP"":0,""POQ"":0,""PABC"":0,""PEN"":0,""PSHA"":0,""PNAA"":0,""PGS"":0,""PTC"":0,""PSA"":0,""PAO"":0}"
"164","class","Classdiagram (124).xmi","{""PCOA"":0,""PASC"":0,""POD"":1,""PADV"":0,""PRI"":0,""POG"":1,""POI"":0,""PDA"":0,""PSO"":0,""POP"":0,""POQ"":0,""PABC"":0,""PEN"":0,""PSHA"":0,""PNAA"":1,""PGS"":0,""PTC"":0,""PSA"":0,""PAO"":0}"
"165","class","GenMyModel_conference-diag.uml","{""PCOA"":0,""PASC"":0,""POD"":0,""PADV"":0,""PRI"":0,""POG"":0,""POI"":0,""PDA"":0,""PSO"":0,""POP"":0,""POQ"":0,""PABC"":0,""PEN"":0,""PSHA"":0,""PNAA"":1,""PGS"":0,""PTC"":0,""PSA"":0,""PAO"":0}"
"166","class","Classdiagram (638).xmi","{""PCOA"":0,""PASC"":0,""POD"":0,""PADV"":0,""PRI"":0,""POG"":0,""POI"":0,""PDA"":0,""PSO"":0,""POP"":0,""POQ"":0,""PABC"":0,""PEN"":0,""PSHA"":0,""PNAA"":1,""PGS"":0,""PTC"":0,""PSA"":0,""PAO"":0}"
"167","class","GenMyModel_Ecommerce.uml","{""PCOA"":1,""PASC"":0,""POD"":0,""PADV"":0,""PRI"":0,""POG"":0,""POI"":0,""PDA"":0,""PSO"":0,""POP"":0,""POQ"":0,""PABC"":0,""PEN"":1,""PSHA"":0,""PNAA"":1,""PGS"":0,""PTC"":0,""PSA"":0,""PAO"":0}"
"168","class","Classdiagram (514).xmi","{""PCOA"":0,""PASC"":0,""POD"":0,""PADV"":0,""PRI"":0,""POG"":1,""POI"":0,""PDA"":0,""PSO"":0,""POP"":0,""POQ"":0,""PABC"":0,""PEN"":0,""PSHA"":0,""PNAA"":1,""PGS"":0,""PTC"":0,""PSA"":0,""PAO"":0}"
"169","class","Classdiagram (127).xmi","{""PCOA"":0,""PASC"":0,""POD"":0,""PADV"":0,""PRI"":0,""POG"":0,""POI"":0,""PDA"":0,""PSO"":0,""POP"":0,""POQ"":0,""PABC"":0,""PEN"":0,""PSHA"":0,""PNAA"":1,""PGS"":0,""PTC"":0,""PSA"":0,""PAO"":0}"
"170","class","Classdiagram (65).xmi","{""PCOA"":1,""PASC"":1,""POD"":0,""PADV"":0,""PRI"":0,""POG"":1,""POI"":0,""PDA"":0,""PSO"":0,""POP"":0,""POQ"":0,""PABC"":0,""PEN"":0,""PSHA"":0,""PNAA"":0,""PGS"":0,""PTC"":0,""PSA"":0,""PAO"":0}"
"171","class","Classdiagram (364).xmi","{""PCOA"":0,""PASC"":0,""POD"":1,""PADV"":0,""PRI"":0,""POG"":1,""POI"":0,""PDA"":0,""PSO"":0,""POP"":0,""POQ"":0,""PABC"":0,""PEN"":0,""PSHA"":1,""PNAA"":1,""PGS"":0,""PTC"":0,""PSA"":0,""PAO"":0}"
"172","class","Classdiagram (439).xmi","{""PCOA"":1,""PASC"":0,""POD"":1,""PADV"":0,""PRI"":0,""POG"":1,""POI"":0,""PDA"":0,""PSO"":0,""POP"":0,""POQ"":0,""PABC"":0,""PEN"":0,""PSHA"":1,""PNAA"":1,""PGS"":0,""PTC"":0,""PSA"":0,""PAO"":0}"
"173","class","Classdiagram (610).xmi","{""PCOA"":1,""PASC"":0,""POD"":1,""PADV"":0,""PRI"":0,""POG"":1,""POI"":0,""PDA"":0,""PSO"":0,""POP"":0,""POQ"":0,""PABC"":0,""PEN"":0,""PSHA"":0,""PNAA"":1,""PGS"":0,""PTC"":0,""PSA"":0,""PAO"":0}"
"174","class","Classdiagram (155).xmi","{""PCOA"":0,""PASC"":0,""POD"":1,""PADV"":0,""PRI"":0,""POG"":1,""POI"":0,""PDA"":0,""PSO"":0,""POP"":0,""POQ"":0,""PABC"":1,""PEN"":0,""PSHA"":0,""PNAA"":1,""PGS"":0,""PTC"":0,""PSA"":1,""PAO"":0}"
"175","class","Classdiagram (81).xmi","{""PCOA"":0,""PASC"":0,""POD"":1,""PADV"":1,""PRI"":1,""POG"":1,""POI"":1,""PDA"":0,""PSO"":0,""POP"":0,""POQ"":0,""PABC"":0,""PEN"":0,""PSHA"":0,""PNAA"":0,""PGS"":0,""PTC"":0,""PSA"":0,""PAO"":0}"
"176","class","Classdiagram (631).xmi","{""PCOA"":0,""PASC"":0,""POD"":1,""PADV"":0,""PRI"":0,""POG"":1,""POI"":1,""PDA"":0,""PSO"":0,""POP"":0,""POQ"":0,""PABC"":0,""PEN"":0,""PSHA"":0,""PNAA"":1,""PGS"":0,""PTC"":0,""PSA"":0,""PAO"":0}"
"177","class","Classdiagram (106).xmi","{""PCOA"":1,""PASC"":0,""POD"":0,""PADV"":0,""PRI"":0,""POG"":1,""POI"":0,""PDA"":0,""PSO"":0,""POP"":0,""POQ"":0,""PABC"":0,""PEN"":0,""PSHA"":0,""PNAA"":1,""PGS"":0,""PTC"":0,""PSA"":0,""PAO"":0}"
"178","class","Classdiagram (108).xmi","{""PCOA"":0,""PASC"":0,""POD"":0,""PADV"":0,""PRI"":0,""POG"":1,""POI"":0,""PDA"":0,""PSO"":0,""POP"":0,""POQ"":0,""PABC"":0,""PEN"":0,""PSHA"":0,""PNAA"":0,""PGS"":0,""PTC"":0,""PSA"":0,""PAO"":0}"
"179","class","Classdiagram (456).xmi","{""PCOA"":1,""PASC"":0,""POD"":0,""PADV"":0,""PRI"":0,""POG"":1,""POI"":0,""PDA"":0,""PSO"":0,""POP"":0,""POQ"":0,""PABC"":0,""PEN"":0,""PSHA"":1,""PNAA"":1,""PGS"":0,""PTC"":0,""PSA"":0,""PAO"":0}"
"180","class","Classdiagram (134).xmi","{""PCOA"":0,""PASC"":0,""POD"":1,""PADV"":0,""PRI"":0,""POG"":1,""POI"":0,""PDA"":0,""PSO"":0,""POP"":0,""POQ"":0,""PABC"":1,""PEN"":0,""PSHA"":0,""PNAA"":1,""PGS"":0,""PTC"":0,""PSA"":1,""PAO"":0}"
"181","class","Classdiagram (51).xmi","{""PCOA"":0,""PASC"":0,""POD"":0,""PADV"":1,""PRI"":0,""POG"":1,""POI"":0,""PDA"":0,""PSO"":1,""POP"":0,""POQ"":0,""PABC"":1,""PEN"":0,""PSHA"":0,""PNAA"":1,""PGS"":0,""PTC"":0,""PSA"":1,""PAO"":0}"
"182","class","Classdiagram (152).xmi","{""PCOA"":1,""PASC"":0,""POD"":0,""PADV"":0,""PRI"":0,""POG"":1,""POI"":1,""PDA"":0,""PSO"":0,""POP"":0,""POQ"":0,""PABC"":0,""PEN"":0,""PSHA"":1,""PNAA"":1,""PGS"":0,""PTC"":0,""PSA"":0,""PAO"":0}"
"183","class","jnfe-connect.uml","{""PCOA"":0,""PASC"":0,""POD"":1,""PADV"":1,""PRI"":1,""POG"":0,""POI"":1,""PDA"":0,""PSO"":1,""POP"":0,""POQ"":0,""PABC"":0,""PEN"":0,""PSHA"":0,""PNAA"":0,""PGS"":0,""PTC"":0,""PSA"":1,""PAO"":0}"
"184","class","Classdiagram (290).xmi","{""PCOA"":0,""PASC"":0,""POD"":0,""PADV"":0,""PRI"":0,""POG"":1,""POI"":0,""PDA"":0,""PSO"":0,""POP"":0,""POQ"":0,""PABC"":0,""PEN"":0,""PSHA"":0,""PNAA"":1,""PGS"":0,""PTC"":0,""PSA"":0,""PAO"":0}"
"185","class","Classdiagram (450).xmi","{""PCOA"":1,""PASC"":0,""POD"":1,""PADV"":0,""PRI"":0,""POG"":1,""POI"":1,""PDA"":0,""PSO"":0,""POP"":0,""POQ"":0,""PABC"":1,""PEN"":0,""PSHA"":1,""PNAA"":1,""PGS"":0,""PTC"":0,""PSA"":1,""PAO"":1}"
"186","class","Classdiagram (273).xmi","{""PCOA"":0,""PASC"":0,""POD"":1,""PADV"":0,""PRI"":0,""POG"":1,""POI"":0,""PDA"":0,""PSO"":0,""POP"":0,""POQ"":0,""PABC"":0,""PEN"":0,""PSHA"":1,""PNAA"":1,""PGS"":0,""PTC"":0,""PSA"":0,""PAO"":0}"
"187","class","QualifiersExample.uml","{""PCOA"":0,""PASC"":0,""POD"":0,""PADV"":0,""PRI"":0,""POG"":0,""POI"":0,""PDA"":0,""PSO"":0,""POP"":0,""POQ"":0,""PABC"":0,""PEN"":0,""PSHA"":0,""PNAA"":0,""PGS"":0,""PTC"":0,""PSA"":0,""PAO"":0}"
"188","class","Classdiagram (89).xmi","{""PCOA"":0,""PASC"":0,""POD"":1,""PADV"":0,""PRI"":0,""POG"":1,""POI"":0,""PDA"":0,""PSO"":0,""POP"":0,""POQ"":0,""PABC"":0,""PEN"":0,""PSHA"":0,""PNAA"":1,""PGS"":0,""PTC"":0,""PSA"":0,""PAO"":0}"
"189","class","GenMyModel_stuff-diag.uml","{""PCOA"":1,""PASC"":0,""POD"":0,""PADV"":0,""PRI"":0,""POG"":0,""POI"":0,""PDA"":0,""PSO"":0,""POP"":0,""POQ"":0,""PABC"":0,""PEN"":0,""PSHA"":0,""PNAA"":1,""PGS"":0,""PTC"":0,""PSA"":0,""PAO"":0}"
"190","class","Classdiagram (371).xmi","{""PCOA"":1,""PASC"":0,""POD"":1,""PADV"":0,""PRI"":0,""POG"":1,""POI"":0,""PDA"":0,""PSO"":0,""POP"":0,""POQ"":0,""PABC"":1,""PEN"":0,""PSHA"":1,""PNAA"":1,""PGS"":0,""PTC"":0,""PSA"":1,""PAO"":0}"
"191","class","Classdiagram (20).xmi","{""PCOA"":0,""PASC"":0,""POD"":0,""PADV"":0,""PRI"":0,""POG"":0,""POI"":0,""PDA"":0,""PSO"":0,""POP"":0,""POQ"":0,""PABC"":0,""PEN"":0,""PSHA"":0,""PNAA"":1,""PGS"":0,""PTC"":0,""PSA"":0,""PAO"":0}"
"192","class","Classdiagram (392).xmi","{""PCOA"":0,""PASC"":1,""POD"":0,""PADV"":0,""PRI"":0,""POG"":1,""POI"":0,""PDA"":1,""PSO"":0,""POP"":0,""POQ"":0,""PABC"":1,""PEN"":0,""PSHA"":0,""PNAA"":0,""PGS"":1,""PTC"":0,""PSA"":0,""PAO"":0}"
"193","class","Classdiagram (264).xmi","{""PCOA"":0,""PASC"":0,""POD"":0,""PADV"":0,""PRI"":0,""POG"":1,""POI"":0,""PDA"":0,""PSO"":0,""POP"":0,""POQ"":0,""PABC"":0,""PEN"":0,""PSHA"":0,""PNAA"":1,""PGS"":0,""PTC"":0,""PSA"":0,""PAO"":0}"
"194","class","Evbsrcs_Base.uml","{""PCOA"":0,""PASC"":0,""POD"":1,""PADV"":1,""PRI"":0,""POG"":0,""POI"":0,""PDA"":0,""PSO"":1,""POP"":0,""POQ"":0,""PABC"":0,""PEN"":0,""PSHA"":0,""PNAA"":0,""PGS"":0,""PTC"":0,""PSA"":1,""PAO"":0}"
"195","class","Classdiagram (114).xmi","{""PCOA"":1,""PASC"":0,""POD"":1,""PADV"":0,""PRI"":0,""POG"":1,""POI"":1,""PDA"":0,""PSO"":0,""POP"":0,""POQ"":0,""PABC"":0,""PEN"":1,""PSHA"":1,""PNAA"":1,""PGS"":0,""PTC"":0,""PSA"":0,""PAO"":0}"
"196","class","Classdiagram (197).xmi","{""PCOA"":0,""PASC"":0,""POD"":0,""PADV"":0,""PRI"":0,""POG"":0,""POI"":0,""PDA"":0,""PSO"":0,""POP"":0,""POQ"":0,""PABC"":0,""PEN"":0,""PSHA"":1,""PNAA"":1,""PGS"":0,""PTC"":0,""PSA"":0,""PAO"":0}"
"197","class","GenMyModel_TeamD-diag.uml","{""PCOA"":1,""PASC"":0,""POD"":0,""PADV"":0,""PRI"":0,""POG"":0,""POI"":0,""PDA"":0,""PSO"":0,""POP"":0,""POQ"":0,""PABC"":0,""PEN"":1,""PSHA"":0,""PNAA"":1,""PGS"":0,""PTC"":0,""PSA"":0,""PAO"":0}"
"198","class","Classdiagram (282).xmi","{""PCOA"":1,""PASC"":0,""POD"":0,""PADV"":0,""PRI"":0,""POG"":1,""POI"":0,""PDA"":0,""PSO"":0,""POP"":0,""POQ"":0,""PABC"":0,""PEN"":0,""PSHA"":0,""PNAA"":1,""PGS"":0,""PTC"":0,""PSA"":0,""PAO"":0}"
"199","class","AddressBook_ServletModel.uml","{""PCOA"":0,""PASC"":0,""POD"":1,""PADV"":1,""PRI"":1,""POG"":0,""POI"":1,""PDA"":0,""PSO"":1,""POP"":0,""POQ"":0,""PABC"":1,""PEN"":0,""PSHA"":0,""PNAA"":0,""PGS"":0,""PTC"":1,""PSA"":1,""PAO"":1}"
"200","class","Classdiagram (218).xmi","{""PCOA"":1,""PASC"":0,""POD"":0,""PADV"":0,""PRI"":0,""POG"":0,""POI"":0,""PDA"":0,""PSO"":0,""POP"":0,""POQ"":0,""PABC"":0,""PEN"":0,""PSHA"":0,""PNAA"":1,""PGS"":0,""PTC"":0,""PSA"":0,""PAO"":0}"
"201","class","Classdiagram (344).xmi","{""PCOA"":1,""PASC"":0,""POD"":0,""PADV"":0,""PRI"":0,""POG"":1,""POI"":0,""PDA"":0,""PSO"":0,""POP"":0,""POQ"":0,""PABC"":0,""PEN"":0,""PSHA"":1,""PNAA"":1,""PGS"":0,""PTC"":0,""PSA"":0,""PAO"":0}"
"202","class","Classdiagram (623).xmi","{""PCOA"":0,""PASC"":0,""POD"":0,""PADV"":0,""PRI"":0,""POG"":1,""POI"":0,""PDA"":0,""PSO"":0,""POP"":0,""POQ"":0,""PABC"":0,""PEN"":0,""PSHA"":0,""PNAA"":1,""PGS"":0,""PTC"":0,""PSA"":0,""PAO"":0}"
"203","class","Classdiagram (496).xmi","{""PCOA"":1,""PASC"":0,""POD"":0,""PADV"":0,""PRI"":0,""POG"":1,""POI"":1,""PDA"":0,""PSO"":0,""POP"":0,""POQ"":0,""PABC"":0,""PEN"":0,""PSHA"":0,""PNAA"":1,""PGS"":0,""PTC"":0,""PSA"":0,""PAO"":0}"
"204","class","Classdiagram (566).xmi","{""PCOA"":1,""PASC"":0,""POD"":0,""PADV"":0,""PRI"":0,""POG"":1,""POI"":0,""PDA"":0,""PSO"":0,""POP"":0,""POQ"":0,""PABC"":0,""PEN"":0,""PSHA"":0,""PNAA"":1,""PGS"":0,""PTC"":0,""PSA"":0,""PAO"":0}"
"205","class","Classdiagram (536).xmi","{""PCOA"":0,""PASC"":0,""POD"":0,""PADV"":0,""PRI"":0,""POG"":0,""POI"":0,""PDA"":0,""PSO"":0,""POP"":0,""POQ"":0,""PABC"":0,""PEN"":0,""PSHA"":0,""PNAA"":1,""PGS"":0,""PTC"":0,""PSA"":0,""PAO"":0}"
"206","class","Classdiagram (505).xmi","{""PCOA"":1,""PASC"":0,""POD"":1,""PADV"":0,""PRI"":0,""POG"":1,""POI"":0,""PDA"":0,""PSO"":0,""POP"":0,""POQ"":0,""PABC"":0,""PEN"":0,""PSHA"":0,""PNAA"":1,""PGS"":0,""PTC"":0,""PSA"":0,""PAO"":0}"
"207","class","Classdiagram (412).xmi","{""PCOA"":1,""PASC"":0,""POD"":1,""PADV"":0,""PRI"":0,""POG"":1,""POI"":1,""PDA"":0,""PSO"":1,""POP"":0,""POQ"":0,""PABC"":1,""PEN"":0,""PSHA"":1,""PNAA"":1,""PGS"":0,""PTC"":0,""PSA"":0,""PAO"":0}"
"208","class","Classdiagram (88).xmi","{""PCOA"":0,""PASC"":0,""POD"":0,""PADV"":0,""PRI"":0,""POG"":1,""POI"":0,""PDA"":0,""PSO"":0,""POP"":0,""POQ"":0,""PABC"":0,""PEN"":0,""PSHA"":0,""PNAA"":0,""PGS"":1,""PTC"":0,""PSA"":0,""PAO"":0}"
"209","class","Classdiagram (554).xmi","{""PCOA"":0,""PASC"":0,""POD"":1,""PADV"":0,""PRI"":0,""POG"":0,""POI"":0,""PDA"":0,""PSO"":0,""POP"":0,""POQ"":0,""PABC"":0,""PEN"":1,""PSHA"":0,""PNAA"":1,""PGS"":0,""PTC"":0,""PSA"":0,""PAO"":0}"
"210","class","Classdiagram (25).xmi","{""PCOA"":1,""PASC"":0,""POD"":0,""PADV"":0,""PRI"":0,""POG"":1,""POI"":1,""PDA"":0,""PSO"":0,""POP"":0,""POQ"":0,""PABC"":0,""PEN"":0,""PSHA"":0,""PNAA"":1,""PGS"":0,""PTC"":0,""PSA"":0,""PAO"":0}"
"211","class","Classdiagram (362).xmi","{""PCOA"":0,""PASC"":0,""POD"":0,""PADV"":0,""PRI"":0,""POG"":1,""POI"":0,""PDA"":0,""PSO"":0,""POP"":0,""POQ"":0,""PABC"":0,""PEN"":0,""PSHA"":0,""PNAA"":1,""PGS"":0,""PTC"":0,""PSA"":0,""PAO"":0}"
"212","class","Classdiagram (345).xmi","{""PCOA"":1,""PASC"":0,""POD"":0,""PADV"":0,""PRI"":0,""POG"":1,""POI"":0,""PDA"":0,""PSO"":0,""POP"":0,""POQ"":0,""PABC"":0,""PEN"":0,""PSHA"":1,""PNAA"":1,""PGS"":0,""PTC"":0,""PSA"":0,""PAO"":0}"
"213","class","Classdiagram (102).xmi","{""PCOA"":1,""PASC"":0,""POD"":1,""PADV"":0,""PRI"":0,""POG"":1,""POI"":0,""PDA"":0,""PSO"":0,""POP"":0,""POQ"":0,""PABC"":0,""PEN"":0,""PSHA"":1,""PNAA"":1,""PGS"":0,""PTC"":0,""PSA"":0,""PAO"":0}"
"214","class","Classdiagram (674).xmi","{""PCOA"":0,""PASC"":0,""POD"":0,""PADV"":0,""PRI"":0,""POG"":0,""POI"":0,""PDA"":0,""PSO"":0,""POP"":0,""POQ"":0,""PABC"":0,""PEN"":0,""PSHA"":0,""PNAA"":1,""PGS"":0,""PTC"":0,""PSA"":0,""PAO"":0}"
"215","class","Classdiagram (40).xmi","{""PCOA"":0,""PASC"":0,""POD"":0,""PADV"":0,""PRI"":0,""POG"":1,""POI"":0,""PDA"":0,""PSO"":0,""POP"":0,""POQ"":0,""PABC"":0,""PEN"":0,""PSHA"":1,""PNAA"":1,""PGS"":0,""PTC"":0,""PSA"":0,""PAO"":0}"
"216","class","Classdiagram (183).xmi","{""PCOA"":1,""PASC"":0,""POD"":0,""PADV"":0,""PRI"":0,""POG"":1,""POI"":0,""PDA"":0,""PSO"":0,""POP"":0,""POQ"":0,""PABC"":0,""PEN"":0,""PSHA"":0,""PNAA"":1,""PGS"":0,""PTC"":0,""PSA"":0,""PAO"":0}"
"217","class","Classdiagram (6).xmi","{""PCOA"":0,""PASC"":0,""POD"":1,""PADV"":1,""PRI"":0,""POG"":1,""POI"":1,""PDA"":0,""PSO"":0,""POP"":0,""POQ"":0,""PABC"":0,""PEN"":0,""PSHA"":0,""PNAA"":1,""PGS"":0,""PTC"":0,""PSA"":0,""PAO"":0}"
"218","class","AddressBook_Base.uml","{""PCOA"":0,""PASC"":0,""POD"":1,""PADV"":1,""PRI"":1,""POG"":0,""POI"":1,""PDA"":0,""PSO"":1,""POP"":0,""POQ"":0,""PABC"":1,""PEN"":0,""PSHA"":0,""PNAA"":0,""PGS"":0,""PTC"":1,""PSA"":1,""PAO"":0}"
"219","class","Classdiagram (161).xmi","{""PCOA"":0,""PASC"":0,""POD"":1,""PADV"":0,""PRI"":0,""POG"":0,""POI"":0,""PDA"":0,""PSO"":0,""POP"":0,""POQ"":0,""PABC"":0,""PEN"":0,""PSHA"":1,""PNAA"":1,""PGS"":0,""PTC"":0,""PSA"":0,""PAO"":0}"
"220","class","Classdiagram (276).xmi","{""PCOA"":0,""PASC"":0,""POD"":0,""PADV"":0,""PRI"":0,""POG"":1,""POI"":0,""PDA"":0,""PSO"":0,""POP"":0,""POQ"":0,""PABC"":0,""PEN"":0,""PSHA"":1,""PNAA"":1,""PGS"":0,""PTC"":0,""PSA"":0,""PAO"":0}"
"221","class","Classdiagram (117).xmi","{""PCOA"":1,""PASC"":0,""POD"":1,""PADV"":0,""PRI"":0,""POG"":1,""POI"":0,""PDA"":0,""PSO"":1,""POP"":0,""POQ"":0,""PABC"":1,""PEN"":0,""PSHA"":1,""PNAA"":1,""PGS"":0,""PTC"":0,""PSA"":1,""PAO"":0}"
"222","class","Classdiagram (597).xmi","{""PCOA"":0,""PASC"":0,""POD"":0,""PADV"":0,""PRI"":0,""POG"":0,""POI"":0,""PDA"":0,""PSO"":0,""POP"":0,""POQ"":0,""PABC"":0,""PEN"":0,""PSHA"":1,""PNAA"":1,""PGS"":0,""PTC"":0,""PSA"":0,""PAO"":0}"
"223","class","Classdiagram (18).xmi","{""PCOA"":1,""PASC"":0,""POD"":1,""PADV"":0,""PRI"":0,""POG"":1,""POI"":1,""PDA"":0,""PSO"":0,""POP"":0,""POQ"":0,""PABC"":0,""PEN"":0,""PSHA"":0,""PNAA"":0,""PGS"":0,""PTC"":0,""PSA"":0,""PAO"":0}"
"224","class","Classdiagram (300).xmi","{""PCOA"":0,""PASC"":0,""POD"":0,""PADV"":0,""PRI"":0,""POG"":1,""POI"":0,""PDA"":0,""PSO"":0,""POP"":0,""POQ"":0,""PABC"":0,""PEN"":0,""PSHA"":0,""PNAA"":1,""PGS"":0,""PTC"":0,""PSA"":0,""PAO"":0}"
"225","class","Classdiagram (14).xmi","{""PCOA"":0,""PASC"":0,""POD"":1,""PADV"":0,""PRI"":0,""POG"":1,""POI"":0,""PDA"":0,""PSO"":0,""POP"":0,""POQ"":0,""PABC"":0,""PEN"":0,""PSHA"":1,""PNAA"":1,""PGS"":0,""PTC"":0,""PSA"":0,""PAO"":0}"
"226","class","Classdiagram (135).xmi","{""PCOA"":0,""PASC"":0,""POD"":1,""PADV"":0,""PRI"":0,""POG"":1,""POI"":0,""PDA"":0,""PSO"":0,""POP"":0,""POQ"":0,""PABC"":0,""PEN"":0,""PSHA"":1,""PNAA"":1,""PGS"":0,""PTC"":0,""PSA"":0,""PAO"":0}"
"227","class","Classdiagram (144).xmi","{""PCOA"":0,""PASC"":0,""POD"":0,""PADV"":0,""PRI"":0,""POG"":1,""POI"":0,""PDA"":0,""PSO"":0,""POP"":0,""POQ"":0,""PABC"":0,""PEN"":0,""PSHA"":1,""PNAA"":1,""PGS"":0,""PTC"":0,""PSA"":0,""PAO"":0}"
"228","class","Computer.uml","{""PCOA"":0,""PASC"":0,""POD"":1,""PADV"":0,""PRI"":1,""POG"":0,""POI"":1,""PDA"":0,""PSO"":0,""POP"":1,""POQ"":0,""PABC"":0,""PEN"":0,""PSHA"":0,""PNAA"":0,""PGS"":0,""PTC"":0,""PSA"":0,""PAO"":0}"
"229","class","Classdiagram (215).xmi","{""PCOA"":0,""PASC"":0,""POD"":1,""PADV"":0,""PRI"":0,""POG"":1,""POI"":1,""PDA"":0,""PSO"":0,""POP"":0,""POQ"":0,""PABC"":1,""PEN"":0,""PSHA"":1,""PNAA"":1,""PGS"":0,""PTC"":0,""PSA"":0,""PAO"":0}"
"230","class","Classdiagram (63).xmi","{""PCOA"":0,""PASC"":0,""POD"":0,""PADV"":0,""PRI"":0,""POG"":0,""POI"":0,""PDA"":0,""PSO"":0,""POP"":0,""POQ"":0,""PABC"":0,""PEN"":0,""PSHA"":0,""PNAA"":1,""PGS"":0,""PTC"":0,""PSA"":0,""PAO"":0}"
"231","class","Classdiagram (420).xmi","{""PCOA"":0,""PASC"":1,""POD"":0,""PADV"":0,""PRI"":0,""POG"":1,""POI"":0,""PDA"":0,""PSO"":0,""POP"":0,""POQ"":0,""PABC"":0,""PEN"":0,""PSHA"":1,""PNAA"":0,""PGS"":0,""PTC"":0,""PSA"":0,""PAO"":0}"
"232","class","Classdiagram (76).xmi","{""PCOA"":0,""PASC"":0,""POD"":1,""PADV"":0,""PRI"":0,""POG"":1,""POI"":0,""PDA"":0,""PSO"":0,""POP"":0,""POQ"":0,""PABC"":0,""PEN"":0,""PSHA"":0,""PNAA"":1,""PGS"":0,""PTC"":0,""PSA"":0,""PAO"":0}"
"233","class","Classdiagram (39).xmi","{""PCOA"":0,""PASC"":0,""POD"":0,""PADV"":0,""PRI"":0,""POG"":0,""POI"":0,""PDA"":0,""PSO"":0,""POP"":0,""POQ"":0,""PABC"":0,""PEN"":0,""PSHA"":0,""PNAA"":1,""PGS"":0,""PTC"":0,""PSA"":0,""PAO"":0}"
"234","class","Classdiagram (390).xmi","{""PCOA"":1,""PASC"":0,""POD"":0,""PADV"":0,""PRI"":0,""POG"":0,""POI"":0,""PDA"":0,""PSO"":0,""POP"":0,""POQ"":0,""PABC"":0,""PEN"":0,""PSHA"":0,""PNAA"":1,""PGS"":0,""PTC"":0,""PSA"":0,""PAO"":0}"
"235","class","Classdiagram (434).xmi","{""PCOA"":1,""PASC"":0,""POD"":0,""PADV"":0,""PRI"":0,""POG"":1,""POI"":1,""PDA"":0,""PSO"":0,""POP"":0,""POQ"":0,""PABC"":0,""PEN"":1,""PSHA"":1,""PNAA"":1,""PGS"":0,""PTC"":0,""PSA"":0,""PAO"":0}"
"236","class","Classdiagram (210).xmi","{""PCOA"":0,""PASC"":0,""POD"":1,""PADV"":0,""PRI"":0,""POG"":1,""POI"":0,""PDA"":0,""PSO"":0,""POP"":0,""POQ"":0,""PABC"":1,""PEN"":0,""PSHA"":0,""PNAA"":1,""PGS"":0,""PTC"":0,""PSA"":0,""PAO"":1}"
"237","class","Classdiagram (26).xmi","{""PCOA"":0,""PASC"":0,""POD"":0,""PADV"":0,""PRI"":0,""POG"":0,""POI"":0,""PDA"":0,""PSO"":0,""POP"":0,""POQ"":0,""PABC"":0,""PEN"":0,""PSHA"":0,""PNAA"":1,""PGS"":0,""PTC"":0,""PSA"":0,""PAO"":0}"
"238","class","Classdiagram (327).xmi","{""PCOA"":0,""PASC"":0,""POD"":1,""PADV"":0,""PRI"":0,""POG"":1,""POI"":0,""PDA"":0,""PSO"":0,""POP"":0,""POQ"":0,""PABC"":0,""PEN"":0,""PSHA"":0,""PNAA"":1,""PGS"":0,""PTC"":0,""PSA"":0,""PAO"":0}"
"239","class","Classdiagram (68).xmi","{""PCOA"":0,""PASC"":0,""POD"":1,""PADV"":0,""PRI"":0,""POG"":1,""POI"":0,""PDA"":0,""PSO"":0,""POP"":0,""POQ"":0,""PABC"":1,""PEN"":0,""PSHA"":1,""PNAA"":1,""PGS"":0,""PTC"":0,""PSA"":0,""PAO"":0}"
"240","class","GenMyModel_online-shopping-cart-diag.uml","{""PCOA"":1,""PASC"":0,""POD"":0,""PADV"":0,""PRI"":0,""POG"":0,""POI"":0,""PDA"":0,""PSO"":0,""POP"":0,""POQ"":0,""PABC"":0,""PEN"":1,""PSHA"":0,""PNAA"":1,""PGS"":0,""PTC"":0,""PSA"":0,""PAO"":0}"
"241","class","Classdiagram (171).xmi","{""PCOA"":0,""PASC"":0,""POD"":0,""PADV"":0,""PRI"":0,""POG"":0,""POI"":0,""PDA"":0,""PSO"":0,""POP"":0,""POQ"":0,""PABC"":0,""PEN"":0,""PSHA"":0,""PNAA"":1,""PGS"":0,""PTC"":0,""PSA"":0,""PAO"":0}"
"242","class","Classdiagram (366).xmi","{""PCOA"":1,""PASC"":0,""POD"":0,""PADV"":0,""PRI"":0,""POG"":0,""POI"":0,""PDA"":0,""PSO"":0,""POP"":0,""POQ"":0,""PABC"":0,""PEN"":0,""PSHA"":0,""PNAA"":1,""PGS"":0,""PTC"":0,""PSA"":0,""PAO"":0}"
"243","class","Classdiagram (107).xmi","{""PCOA"":1,""PASC"":0,""POD"":1,""PADV"":0,""PRI"":0,""POG"":1,""POI"":0,""PDA"":0,""PSO"":0,""POP"":0,""POQ"":0,""PABC"":0,""PEN"":0,""PSHA"":1,""PNAA"":1,""PGS"":0,""PTC"":0,""PSA"":0,""PAO"":0}"
"244","class","Classdiagram (647).xmi","{""PCOA"":0,""PASC"":0,""POD"":1,""PADV"":0,""PRI"":0,""POG"":1,""POI"":0,""PDA"":0,""PSO"":1,""POP"":0,""POQ"":0,""PABC"":1,""PEN"":0,""PSHA"":0,""PNAA"":1,""PGS"":0,""PTC"":0,""PSA"":0,""PAO"":1}"
"245","class","Classdiagram (43).xmi","{""PCOA"":1,""PASC"":0,""POD"":0,""PADV"":0,""PRI"":0,""POG"":0,""POI"":0,""PDA"":0,""PSO"":0,""POP"":0,""POQ"":0,""PABC"":0,""PEN"":0,""PSHA"":1,""PNAA"":1,""PGS"":0,""PTC"":0,""PSA"":0,""PAO"":0}"
"246","class","Classdiagram (62).xmi","{""PCOA"":0,""PASC"":0,""POD"":1,""PADV"":0,""PRI"":0,""POG"":0,""POI"":0,""PDA"":0,""PSO"":0,""POP"":0,""POQ"":0,""PABC"":0,""PEN"":0,""PSHA"":0,""PNAA"":1,""PGS"":0,""PTC"":0,""PSA"":0,""PAO"":0}"
"247","class","Classdiagram (243).xmi","{""PCOA"":0,""PASC"":0,""POD"":1,""PADV"":0,""PRI"":0,""POG"":1,""POI"":1,""PDA"":0,""PSO"":0,""POP"":0,""POQ"":0,""PABC"":0,""PEN"":0,""PSHA"":0,""PNAA"":1,""PGS"":0,""PTC"":0,""PSA"":0,""PAO"":0}"
"248","class","JavaGraticule3D-CT_Transformation_robust.uml","{""PCOA"":0,""PASC"":0,""POD"":1,""PADV"":0,""PRI"":0,""POG"":0,""POI"":0,""PDA"":0,""PSO"":0,""POP"":0,""POQ"":0,""PABC"":0,""PEN"":0,""PSHA"":0,""PNAA"":0,""PGS"":0,""PTC"":0,""PSA"":0,""PAO"":0}"
"249","class","Classdiagram (17).xmi","{""PCOA"":0,""PASC"":0,""POD"":0,""PADV"":0,""PRI"":1,""POG"":1,""POI"":1,""PDA"":0,""PSO"":0,""POP"":0,""POQ"":0,""PABC"":0,""PEN"":0,""PSHA"":0,""PNAA"":0,""PGS"":0,""PTC"":0,""PSA"":0,""PAO"":0}"
"250","class","Classdiagram (66).xmi","{""PCOA"":1,""PASC"":0,""POD"":1,""PADV"":0,""PRI"":0,""POG"":1,""POI"":0,""PDA"":0,""PSO"":0,""POP"":0,""POQ"":0,""PABC"":0,""PEN"":0,""PSHA"":0,""PNAA"":1,""PGS"":0,""PTC"":0,""PSA"":0,""PAO"":0}"
"251","class","Classdiagram (231).xmi","{""PCOA"":0,""PASC"":0,""POD"":1,""PADV"":0,""PRI"":0,""POG"":1,""POI"":0,""PDA"":0,""PSO"":1,""POP"":0,""POQ"":0,""PABC"":1,""PEN"":0,""PSHA"":0,""PNAA"":1,""PGS"":0,""PTC"":0,""PSA"":0,""PAO"":1}"
"252","class","Classdiagram (177).xmi","{""PCOA"":0,""PASC"":0,""POD"":1,""PADV"":0,""PRI"":0,""POG"":0,""POI"":0,""PDA"":0,""PSO"":0,""POP"":0,""POQ"":0,""PABC"":0,""PEN"":0,""PSHA"":0,""PNAA"":1,""PGS"":0,""PTC"":0,""PSA"":0,""PAO"":0}"
"253","class","Classdiagram (73).xmi","{""PCOA"":0,""PASC"":0,""POD"":0,""PADV"":0,""PRI"":0,""POG"":1,""POI"":0,""PDA"":0,""PSO"":0,""POP"":0,""POQ"":0,""PABC"":0,""PEN"":0,""PSHA"":0,""PNAA"":1,""PGS"":0,""PTC"":0,""PSA"":0,""PAO"":0}"
"254","class","Classdiagram (580).xmi","{""PCOA"":1,""PASC"":0,""POD"":1,""PADV"":0,""PRI"":0,""POG"":1,""POI"":0,""PDA"":0,""PSO"":0,""POP"":0,""POQ"":0,""PABC"":0,""PEN"":1,""PSHA"":1,""PNAA"":1,""PGS"":0,""PTC"":0,""PSA"":0,""PAO"":0}"
"255","class","Classdiagram (116).xmi","{""PCOA"":1,""PASC"":0,""POD"":0,""PADV"":0,""PRI"":0,""POG"":0,""POI"":0,""PDA"":0,""PSO"":0,""POP"":0,""POQ"":0,""PABC"":0,""PEN"":0,""PSHA"":0,""PNAA"":1,""PGS"":0,""PTC"":0,""PSA"":0,""PAO"":0}"
"256","class","Classdiagram (620).xmi","{""PCOA"":0,""PASC"":0,""POD"":0,""PADV"":0,""PRI"":0,""POG"":1,""POI"":0,""PDA"":0,""PSO"":0,""POP"":0,""POQ"":0,""PABC"":0,""PEN"":0,""PSHA"":0,""PNAA"":1,""PGS"":0,""PTC"":0,""PSA"":0,""PAO"":0}"
"257","class","GenMyModel_OnlineShoppingSystem-diag.uml","{""PCOA"":1,""PASC"":0,""POD"":0,""PADV"":0,""PRI"":0,""POG"":0,""POI"":0,""PDA"":0,""PSO"":0,""POP"":0,""POQ"":0,""PABC"":0,""PEN"":1,""PSHA"":0,""PNAA"":1,""PGS"":0,""PTC"":0,""PSA"":0,""PAO"":0}"
"258","class","Classdiagram (368).xmi","{""PCOA"":1,""PASC"":1,""POD"":0,""PADV"":0,""PRI"":0,""POG"":0,""POI"":0,""PDA"":0,""PSO"":0,""POP"":0,""POQ"":0,""PABC"":0,""PEN"":0,""PSHA"":0,""PNAA"":0,""PGS"":0,""PTC"":0,""PSA"":0,""PAO"":0}"
"259","class","Classdiagram (75).xmi","{""PCOA"":0,""PASC"":0,""POD"":1,""PADV"":0,""PRI"":0,""POG"":0,""POI"":1,""PDA"":0,""PSO"":0,""POP"":0,""POQ"":0,""PABC"":1,""PEN"":0,""PSHA"":0,""PNAA"":0,""PGS"":0,""PTC"":0,""PSA"":0,""PAO"":0}"
"260","class","Classdiagram (681).xmi","{""PCOA"":0,""PASC"":0,""POD"":1,""PADV"":0,""PRI"":0,""POG"":0,""POI"":1,""PDA"":0,""PSO"":0,""POP"":0,""POQ"":0,""PABC"":0,""PEN"":0,""PSHA"":0,""PNAA"":0,""PGS"":0,""PTC"":0,""PSA"":0,""PAO"":0}"
"261","class","Classdiagram (32).xmi","{""PCOA"":0,""PASC"":0,""POD"":1,""PADV"":1,""PRI"":0,""POG"":1,""POI"":1,""PDA"":0,""PSO"":0,""POP"":0,""POQ"":0,""PABC"":0,""PEN"":0,""PSHA"":0,""PNAA"":0,""PGS"":0,""PTC"":0,""PSA"":1,""PAO"":0}"
"262","class","Classdiagram (459).xmi","{""PCOA"":0,""PASC"":0,""POD"":1,""PADV"":1,""PRI"":1,""POG"":1,""POI"":1,""PDA"":0,""PSO"":0,""POP"":0,""POQ"":0,""PABC"":1,""PEN"":1,""PSHA"":0,""PNAA"":0,""PGS"":0,""PTC"":1,""PSA"":0,""PAO"":0}"
"263","class","Classdiagram (413).xmi","{""PCOA"":0,""PASC"":0,""POD"":0,""PADV"":0,""PRI"":0,""POG"":0,""POI"":0,""PDA"":0,""PSO"":0,""POP"":0,""POQ"":0,""PABC"":0,""PEN"":0,""PSHA"":0,""PNAA"":0,""PGS"":0,""PTC"":0,""PSA"":0,""PAO"":0}"
"264","class","Classdiagram (179).xmi","{""PCOA"":0,""PASC"":0,""POD"":1,""PADV"":0,""PRI"":0,""POG"":1,""POI"":0,""PDA"":0,""PSO"":0,""POP"":0,""POQ"":0,""PABC"":0,""PEN"":0,""PSHA"":0,""PNAA"":1,""PGS"":0,""PTC"":0,""PSA"":0,""PAO"":0}"
"265","class","Classdiagram (12).xmi","{""PCOA"":1,""PASC"":0,""POD"":1,""PADV"":0,""PRI"":0,""POG"":0,""POI"":0,""PDA"":0,""PSO"":0,""POP"":0,""POQ"":0,""PABC"":0,""PEN"":0,""PSHA"":0,""PNAA"":1,""PGS"":0,""PTC"":0,""PSA"":0,""PAO"":0}"
"266","class","Classdiagram (473).xmi","{""PCOA"":0,""PASC"":0,""POD"":0,""PADV"":0,""PRI"":0,""POG"":0,""POI"":0,""PDA"":0,""PSO"":0,""POP"":0,""POQ"":0,""PABC"":0,""PEN"":0,""PSHA"":0,""PNAA"":1,""PGS"":0,""PTC"":0,""PSA"":0,""PAO"":0}"
"267","class","Classdiagram (697).xmi","{""PCOA"":0,""PASC"":0,""POD"":0,""PADV"":0,""PRI"":0,""POG"":0,""POI"":0,""PDA"":0,""PSO"":0,""POP"":0,""POQ"":0,""PABC"":0,""PEN"":0,""PSHA"":0,""PNAA"":1,""PGS"":0,""PTC"":0,""PSA"":0,""PAO"":0}"
"268","class","Classdiagram (557).xmi","{""PCOA"":0,""PASC"":0,""POD"":0,""PADV"":0,""PRI"":0,""POG"":1,""POI"":0,""PDA"":0,""PSO"":0,""POP"":0,""POQ"":0,""PABC"":0,""PEN"":0,""PSHA"":0,""PNAA"":1,""PGS"":0,""PTC"":0,""PSA"":0,""PAO"":0}"
"269","class","Classdiagram (537).xmi","{""PCOA"":1,""PASC"":0,""POD"":1,""PADV"":0,""PRI"":0,""POG"":1,""POI"":1,""PDA"":0,""PSO"":0,""POP"":0,""POQ"":0,""PABC"":0,""PEN"":0,""PSHA"":1,""PNAA"":1,""PGS"":0,""PTC"":0,""PSA"":0,""PAO"":0}"
"270","class","Evbsrcs_tools.uml","{""PCOA"":0,""PASC"":0,""POD"":1,""PADV"":1,""PRI"":0,""POG"":0,""POI"":0,""PDA"":0,""PSO"":1,""POP"":0,""POQ"":0,""PABC"":0,""PEN"":0,""PSHA"":0,""PNAA"":0,""PGS"":0,""PTC"":0,""PSA"":1,""PAO"":0}"
"271","class","Classdiagram (352).xmi","{""PCOA"":0,""PASC"":0,""POD"":0,""PADV"":0,""PRI"":0,""POG"":0,""POI"":0,""PDA"":0,""PSO"":0,""POP"":0,""POQ"":0,""PABC"":0,""PEN"":0,""PSHA"":1,""PNAA"":1,""PGS"":0,""PTC"":0,""PSA"":0,""PAO"":0}"
"272","class","Classdiagram (198).xmi","{""PCOA"":0,""PASC"":0,""POD"":0,""PADV"":0,""PRI"":0,""POG"":1,""POI"":0,""PDA"":0,""PSO"":0,""POP"":0,""POQ"":0,""PABC"":0,""PEN"":0,""PSHA"":1,""PNAA"":1,""PGS"":0,""PTC"":0,""PSA"":0,""PAO"":0}"
"273","class","Classdiagram (446).xmi","{""PCOA"":0,""PASC"":0,""POD"":0,""PADV"":0,""PRI"":0,""POG"":0,""POI"":0,""PDA"":0,""PSO"":0,""POP"":0,""POQ"":0,""PABC"":0,""PEN"":0,""PSHA"":0,""PNAA"":1,""PGS"":0,""PTC"":0,""PSA"":0,""PAO"":0}"
"274","class","GenMyModel_ClassDiagramExampleAssociation-diag.uml","{""PCOA"":1,""PASC"":0,""POD"":0,""PADV"":0,""PRI"":0,""POG"":0,""POI"":0,""PDA"":0,""PSO"":0,""POP"":0,""POQ"":0,""PABC"":0,""PEN"":0,""PSHA"":0,""PNAA"":1,""PGS"":0,""PTC"":0,""PSA"":0,""PAO"":0}"
"275","class","Classdiagram (140).xmi","{""PCOA"":0,""PASC"":0,""POD"":1,""PADV"":1,""PRI"":0,""POG"":0,""POI"":1,""PDA"":0,""PSO"":1,""POP"":0,""POQ"":0,""PABC"":0,""PEN"":0,""PSHA"":0,""PNAA"":1,""PGS"":0,""PTC"":0,""PSA"":1,""PAO"":0}"
"276","class","GenMyModel_petshop-diag.uml","{""PCOA"":1,""PASC"":0,""POD"":0,""PADV"":0,""PRI"":0,""POG"":0,""POI"":0,""PDA"":0,""PSO"":0,""POP"":0,""POQ"":0,""PABC"":0,""PEN"":1,""PSHA"":0,""PNAA"":1,""PGS"":0,""PTC"":0,""PSA"":0,""PAO"":0}"
"277","class","Classdiagram (586).xmi","{""PCOA"":0,""PASC"":0,""POD"":1,""PADV"":0,""PRI"":0,""POG"":1,""POI"":0,""PDA"":0,""PSO"":0,""POP"":0,""POQ"":0,""PABC"":0,""PEN"":0,""PSHA"":0,""PNAA"":0,""PGS"":0,""PTC"":1,""PSA"":0,""PAO"":0}"
"278","class","Classdiagram (618).xmi","{""PCOA"":0,""PASC"":0,""POD"":0,""PADV"":0,""PRI"":0,""POG"":1,""POI"":0,""PDA"":0,""PSO"":0,""POP"":0,""POQ"":0,""PABC"":0,""PEN"":0,""PSHA"":0,""PNAA"":0,""PGS"":0,""PTC"":0,""PSA"":0,""PAO"":0}"
"279","class","Classdiagram (164).xmi","{""PCOA"":0,""PASC"":0,""POD"":0,""PADV"":0,""PRI"":0,""POG"":1,""POI"":0,""PDA"":0,""PSO"":0,""POP"":0,""POQ"":1,""PABC"":0,""PEN"":0,""PSHA"":0,""PNAA"":0,""PGS"":0,""PTC"":0,""PSA"":0,""PAO"":0}"
"280","class","Classdiagram (112).xmi","{""PCOA"":0,""PASC"":0,""POD"":1,""PADV"":0,""PRI"":0,""POG"":1,""POI"":0,""PDA"":0,""PSO"":0,""POP"":0,""POQ"":0,""PABC"":1,""PEN"":0,""PSHA"":0,""PNAA"":1,""PGS"":0,""PTC"":0,""PSA"":1,""PAO"":0}"
"281","class","Classdiagram (224).xmi","{""PCOA"":0,""PASC"":0,""POD"":0,""PADV"":0,""PRI"":0,""POG"":0,""POI"":0,""PDA"":0,""PSO"":1,""POP"":0,""POQ"":0,""PABC"":0,""PEN"":0,""PSHA"":0,""PNAA"":1,""PGS"":0,""PTC"":0,""PSA"":0,""PAO"":0}"
"282","class","Classdiagram (111).xmi","{""PCOA"":0,""PASC"":0,""POD"":1,""PADV"":0,""PRI"":0,""POG"":1,""POI"":0,""PDA"":0,""PSO"":0,""POP"":0,""POQ"":0,""PABC"":0,""PEN"":0,""PSHA"":1,""PNAA"":1,""PGS"":0,""PTC"":0,""PSA"":0,""PAO"":0}"
"283","class","Classdiagram (394).xmi","{""PCOA"":1,""PASC"":0,""POD"":0,""PADV"":0,""PRI"":0,""POG"":0,""POI"":0,""PDA"":0,""PSO"":0,""POP"":0,""POQ"":0,""PABC"":0,""PEN"":0,""PSHA"":1,""PNAA"":1,""PGS"":0,""PTC"":0,""PSA"":0,""PAO"":0}"
"284","class","Classdiagram (606).xmi","{""PCOA"":1,""PASC"":0,""POD"":0,""PADV"":0,""PRI"":0,""POG"":1,""POI"":0,""PDA"":0,""PSO"":0,""POP"":0,""POQ"":0,""PABC"":0,""PEN"":0,""PSHA"":0,""PNAA"":1,""PGS"":0,""PTC"":0,""PSA"":0,""PAO"":0}"
"285","class","Classdiagram (416).xmi","{""PCOA"":0,""PASC"":0,""POD"":0,""PADV"":0,""PRI"":0,""POG"":1,""POI"":0,""PDA"":0,""PSO"":0,""POP"":0,""POQ"":0,""PABC"":0,""PEN"":0,""PSHA"":0,""PNAA"":1,""PGS"":0,""PTC"":0,""PSA"":0,""PAO"":0}"
"286","class","Classdiagram (28).xmi","{""PCOA"":0,""PASC"":0,""POD"":1,""PADV"":0,""PRI"":0,""POG"":0,""POI"":0,""PDA"":0,""PSO"":0,""POP"":0,""POQ"":0,""PABC"":0,""PEN"":0,""PSHA"":1,""PNAA"":1,""PGS"":0,""PTC"":0,""PSA"":0,""PAO"":0}"
"287","class","GenMyModel_Banking-System-diag.uml","{""PCOA"":0,""PASC"":0,""POD"":0,""PADV"":0,""PRI"":0,""POG"":0,""POI"":0,""PDA"":0,""PSO"":0,""POP"":0,""POQ"":0,""PABC"":1,""PEN"":1,""PSHA"":0,""PNAA"":1,""PGS"":0,""PTC"":0,""PSA"":0,""PAO"":0}"
"288","class","Classdiagram (341).xmi","{""PCOA"":1,""PASC"":0,""POD"":1,""PADV"":0,""PRI"":0,""POG"":1,""POI"":0,""PDA"":0,""PSO"":0,""POP"":0,""POQ"":0,""PABC"":1,""PEN"":0,""PSHA"":1,""PNAA"":1,""PGS"":0,""PTC"":0,""PSA"":1,""PAO"":1}"
"289","class","Classdiagram (590).xmi","{""PCOA"":1,""PASC"":0,""POD"":0,""PADV"":0,""PRI"":0,""POG"":1,""POI"":0,""PDA"":0,""PSO"":0,""POP"":0,""POQ"":0,""PABC"":1,""PEN"":0,""PSHA"":1,""PNAA"":1,""PGS"":0,""PTC"":0,""PSA"":0,""PAO"":0}"
"290","class","Classdiagram (136).xmi","{""PCOA"":1,""PASC"":0,""POD"":0,""PADV"":0,""PRI"":0,""POG"":1,""POI"":0,""PDA"":0,""PSO"":0,""POP"":0,""POQ"":0,""PABC"":0,""PEN"":0,""PSHA"":1,""PNAA"":1,""PGS"":0,""PTC"":0,""PSA"":0,""PAO"":0}"
"291","class","Classdiagram (67).xmi","{""PCOA"":1,""PASC"":0,""POD"":1,""PADV"":0,""PRI"":0,""POG"":1,""POI"":0,""PDA"":0,""PSO"":0,""POP"":0,""POQ"":0,""PABC"":0,""PEN"":0,""PSHA"":1,""PNAA"":1,""PGS"":0,""PTC"":0,""PSA"":0,""PAO"":0}"
"292","class","Classdiagram (4).xmi","{""PCOA"":1,""PASC"":0,""POD"":0,""PADV"":0,""PRI"":0,""POG"":1,""POI"":1,""PDA"":0,""PSO"":0,""POP"":0,""POQ"":0,""PABC"":1,""PEN"":0,""PSHA"":0,""PNAA"":1,""PGS"":0,""PTC"":0,""PSA"":0,""PAO"":0}"
"293","class","Classdiagram (417).xmi","{""PCOA"":0,""PASC"":0,""POD"":0,""PADV"":0,""PRI"":0,""POG"":1,""POI"":0,""PDA"":0,""PSO"":0,""POP"":0,""POQ"":0,""PABC"":1,""PEN"":0,""PSHA"":0,""PNAA"":0,""PGS"":0,""PTC"":0,""PSA"":0,""PAO"":0}"
"294","class","Classdiagram (419).xmi","{""PCOA"":1,""PASC"":0,""POD"":0,""PADV"":0,""PRI"":0,""POG"":1,""POI"":0,""PDA"":0,""PSO"":0,""POP"":0,""POQ"":0,""PABC"":0,""PEN"":0,""PSHA"":0,""PNAA"":1,""PGS"":0,""PTC"":0,""PSA"":0,""PAO"":0}"
"295","class","Classdiagram (159).xmi","{""PCOA"":1,""PASC"":0,""POD"":0,""PADV"":0,""PRI"":0,""POG"":1,""POI"":1,""PDA"":0,""PSO"":0,""POP"":0,""POQ"":0,""PABC"":0,""PEN"":0,""PSHA"":1,""PNAA"":1,""PGS"":0,""PTC"":0,""PSA"":0,""PAO"":0}"
"296","class","Classdiagram (401).xmi","{""PCOA"":0,""PASC"":0,""POD"":0,""PADV"":0,""PRI"":0,""POG"":0,""POI"":0,""PDA"":0,""PSO"":0,""POP"":0,""POQ"":0,""PABC"":0,""PEN"":0,""PSHA"":1,""PNAA"":1,""PGS"":0,""PTC"":0,""PSA"":0,""PAO"":0}"
"297","class","Classdiagram (306).xmi","{""PCOA"":1,""PASC"":0,""POD"":0,""PADV"":0,""PRI"":0,""POG"":0,""POI"":0,""PDA"":0,""PSO"":0,""POP"":0,""POQ"":0,""PABC"":0,""PEN"":0,""PSHA"":0,""PNAA"":1,""PGS"":0,""PTC"":0,""PSA"":0,""PAO"":0}"
"298","class","Classdiagram (1).xmi","{""PCOA"":0,""PASC"":0,""POD"":0,""PADV"":0,""PRI"":0,""POG"":1,""POI"":0,""PDA"":0,""PSO"":0,""POP"":0,""POQ"":0,""PABC"":0,""PEN"":0,""PSHA"":1,""PNAA"":1,""PGS"":0,""PTC"":0,""PSA"":0,""PAO"":0}"
"299","class","GenMyModel_Adapter-diag.uml","{""PCOA"":0,""PASC"":0,""POD"":0,""PADV"":0,""PRI"":0,""POG"":0,""POI"":0,""PDA"":0,""PSO"":0,""POP"":0,""POQ"":0,""PABC"":0,""PEN"":0,""PSHA"":0,""PNAA"":1,""PGS"":0,""PTC"":0,""PSA"":0,""PAO"":0}"
"300","class","Classdiagram (29).xmi","{""PCOA"":0,""PASC"":0,""POD"":0,""PADV"":0,""PRI"":0,""POG"":1,""POI"":1,""PDA"":0,""PSO"":0,""POP"":0,""POQ"":0,""PABC"":0,""PEN"":0,""PSHA"":0,""PNAA"":0,""PGS"":0,""PTC"":0,""PSA"":0,""PAO"":0}"
"301","class","Classdiagram (421).xmi","{""PCOA"":0,""PASC"":0,""POD"":1,""PADV"":0,""PRI"":0,""POG"":1,""POI"":0,""PDA"":0,""PSO"":0,""POP"":0,""POQ"":0,""PABC"":0,""PEN"":0,""PSHA"":0,""PNAA"":1,""PGS"":0,""PTC"":0,""PSA"":0,""PAO"":0}"
"302","class","jdal-1.3.1_core.uml","{""PCOA"":0,""PASC"":0,""POD"":1,""PADV"":1,""PRI"":1,""POG"":0,""POI"":1,""PDA"":0,""PSO"":1,""POP"":0,""POQ"":0,""PABC"":1,""PEN"":0,""PSHA"":0,""PNAA"":0,""PGS"":0,""PTC"":1,""PSA"":1,""PAO"":1}"
"303","class","Classdiagram (5).xmi","{""PCOA"":0,""PASC"":0,""POD"":1,""PADV"":0,""PRI"":0,""POG"":1,""POI"":0,""PDA"":0,""PSO"":0,""POP"":0,""POQ"":0,""PABC"":1,""PEN"":0,""PSHA"":0,""PNAA"":1,""PGS"":0,""PTC"":0,""PSA"":1,""PAO"":0}"
"304","class","Classdiagram (146).xmi","{""PCOA"":0,""PASC"":0,""POD"":1,""PADV"":0,""PRI"":0,""POG"":1,""POI"":1,""PDA"":0,""PSO"":0,""POP"":0,""POQ"":0,""PABC"":0,""PEN"":0,""PSHA"":1,""PNAA"":1,""PGS"":0,""PTC"":0,""PSA"":0,""PAO"":0}"
"305","class","Classdiagram (462).xmi","{""PCOA"":0,""PASC"":0,""POD"":1,""PADV"":0,""PRI"":0,""POG"":1,""POI"":0,""PDA"":0,""PSO"":0,""POP"":0,""POQ"":0,""PABC"":0,""PEN"":0,""PSHA"":1,""PNAA"":1,""PGS"":0,""PTC"":0,""PSA"":0,""PAO"":0}"
"306","class","ProductOrder.uml","{""PCOA"":0,""PASC"":1,""POD"":0,""PADV"":0,""PRI"":0,""POG"":0,""POI"":0,""PDA"":1,""PSO"":0,""POP"":0,""POQ"":0,""PABC"":0,""PEN"":0,""PSHA"":0,""PNAA"":0,""PGS"":0,""PTC"":0,""PSA"":0,""PAO"":0}"
"307","class","Classdiagram (97).xmi","{""PCOA"":0,""PASC"":0,""POD"":1,""PADV"":1,""PRI"":0,""POG"":1,""POI"":0,""PDA"":0,""PSO"":0,""POP"":0,""POQ"":0,""PABC"":0,""PEN"":1,""PSHA"":0,""PNAA"":1,""PGS"":0,""PTC"":0,""PSA"":1,""PAO"":0}"
"308","class","Classdiagram (563).xmi","{""PCOA"":1,""PASC"":0,""POD"":1,""PADV"":0,""PRI"":0,""POG"":1,""POI"":0,""PDA"":0,""PSO"":1,""POP"":0,""POQ"":0,""PABC"":0,""PEN"":0,""PSHA"":0,""PNAA"":1,""PGS"":0,""PTC"":0,""PSA"":0,""PAO"":0}"
"309","class","Classdiagram (110).xmi","{""PCOA"":1,""PASC"":0,""POD"":1,""PADV"":0,""PRI"":0,""POG"":1,""POI"":0,""PDA"":0,""PSO"":0,""POP"":0,""POQ"":0,""PABC"":0,""PEN"":0,""PSHA"":0,""PNAA"":1,""PGS"":0,""PTC"":0,""PSA"":0,""PAO"":0}"
"310","class","Classdiagram (407).xmi","{""PCOA"":0,""PASC"":0,""POD"":1,""PADV"":0,""PRI"":0,""POG"":1,""POI"":0,""PDA"":0,""PSO"":0,""POP"":0,""POQ"":1,""PABC"":0,""PEN"":0,""PSHA"":0,""PNAA"":0,""PGS"":0,""PTC"":0,""PSA"":0,""PAO"":0}"
"311","class","Classdiagram (19).xmi","{""PCOA"":0,""PASC"":1,""POD"":0,""PADV"":0,""PRI"":0,""POG"":1,""POI"":0,""PDA"":0,""PSO"":0,""POP"":0,""POQ"":0,""PABC"":0,""PEN"":0,""PSHA"":1,""PNAA"":1,""PGS"":0,""PTC"":0,""PSA"":0,""PAO"":0}"
"312","class","Classdiagram (440).xmi","{""PCOA"":1,""PASC"":0,""POD"":0,""PADV"":0,""PRI"":0,""POG"":0,""POI"":0,""PDA"":0,""PSO"":0,""POP"":0,""POQ"":0,""PABC"":0,""PEN"":0,""PSHA"":0,""PNAA"":1,""PGS"":0,""PTC"":0,""PSA"":0,""PAO"":0}"
"313","class","Classdiagram (225).xmi","{""PCOA"":1,""PASC"":0,""POD"":0,""PADV"":0,""PRI"":0,""POG"":1,""POI"":0,""PDA"":0,""PSO"":0,""POP"":0,""POQ"":0,""PABC"":0,""PEN"":0,""PSHA"":1,""PNAA"":1,""PGS"":0,""PTC"":0,""PSA"":0,""PAO"":0}"
"314","class","Classdiagram (79).xmi","{""PCOA"":0,""PASC"":0,""POD"":0,""PADV"":0,""PRI"":0,""POG"":0,""POI"":0,""PDA"":0,""PSO"":0,""POP"":0,""POQ"":0,""PABC"":0,""PEN"":0,""PSHA"":1,""PNAA"":0,""PGS"":0,""PTC"":0,""PSA"":0,""PAO"":0}"
"315","class","Classdiagram (105).xmi","{""PCOA"":1,""PASC"":0,""POD"":1,""PADV"":0,""PRI"":0,""POG"":1,""POI"":1,""PDA"":0,""PSO"":0,""POP"":0,""POQ"":0,""PABC"":0,""PEN"":1,""PSHA"":1,""PNAA"":1,""PGS"":0,""PTC"":0,""PSA"":0,""PAO"":0}"
"316","class","Classdiagram (286).xmi","{""PCOA"":1,""PASC"":0,""POD"":0,""PADV"":0,""PRI"":0,""POG"":1,""POI"":0,""PDA"":0,""PSO"":0,""POP"":0,""POQ"":0,""PABC"":0,""PEN"":0,""PSHA"":0,""PNAA"":1,""PGS"":0,""PTC"":0,""PSA"":0,""PAO"":0}"
"317","class","SimpleUniversityOperation.uml","{""PCOA"":0,""PASC"":0,""POD"":0,""PADV"":0,""PRI"":0,""POG"":0,""POI"":0,""PDA"":0,""PSO"":0,""POP"":0,""POQ"":0,""PABC"":0,""PEN"":0,""PSHA"":1,""PNAA"":0,""PGS"":0,""PTC"":0,""PSA"":0,""PAO"":0}"
"318","class","Classdiagram (233).xmi","{""PCOA"":1,""PASC"":0,""POD"":0,""PADV"":0,""PRI"":0,""POG"":1,""POI"":0,""PDA"":0,""PSO"":0,""POP"":0,""POQ"":0,""PABC"":0,""PEN"":0,""PSHA"":0,""PNAA"":1,""PGS"":0,""PTC"":0,""PSA"":0,""PAO"":0}"
"319","class","Classdiagram (389).xmi","{""PCOA"":0,""PASC"":0,""POD"":1,""PADV"":0,""PRI"":0,""POG"":0,""POI"":1,""PDA"":0,""PSO"":0,""POP"":0,""POQ"":0,""PABC"":1,""PEN"":0,""PSHA"":0,""PNAA"":0,""PGS"":0,""PTC"":0,""PSA"":0,""PAO"":0}"
"320","class","Classdiagram (336).xmi","{""PCOA"":0,""PASC"":0,""POD"":1,""PADV"":0,""PRI"":0,""POG"":0,""POI"":0,""PDA"":0,""PSO"":0,""POP"":0,""POQ"":0,""PABC"":1,""PEN"":0,""PSHA"":1,""PNAA"":1,""PGS"":0,""PTC"":0,""PSA"":0,""PAO"":0}"
"321","class","Classdiagram (474).xmi","{""PCOA"":1,""PASC"":0,""POD"":0,""PADV"":0,""PRI"":0,""POG"":0,""POI"":0,""PDA"":0,""PSO"":0,""POP"":0,""POQ"":0,""PABC"":0,""PEN"":0,""PSHA"":1,""PNAA"":1,""PGS"":0,""PTC"":0,""PSA"":0,""PAO"":0}"
"322","class","Classdiagram (42).xmi","{""PCOA"":0,""PASC"":0,""POD"":0,""PADV"":0,""PRI"":0,""POG"":1,""POI"":0,""PDA"":0,""PSO"":0,""POP"":0,""POQ"":0,""PABC"":0,""PEN"":0,""PSHA"":0,""PNAA"":1,""PGS"":0,""PTC"":0,""PSA"":0,""PAO"":0}"
"323","class","Classdiagram (193).xmi","{""PCOA"":1,""PASC"":0,""POD"":0,""PADV"":0,""PRI"":0,""POG"":1,""POI"":1,""PDA"":0,""PSO"":0,""POP"":0,""POQ"":0,""PABC"":0,""PEN"":0,""PSHA"":1,""PNAA"":1,""PGS"":0,""PTC"":0,""PSA"":0,""PAO"":0}"
"324","class","Classdiagram (58).xmi","{""PCOA"":0,""PASC"":0,""POD"":1,""PADV"":0,""PRI"":0,""POG"":1,""POI"":1,""PDA"":0,""PSO"":0,""POP"":0,""POQ"":0,""PABC"":0,""PEN"":0,""PSHA"":0,""PNAA"":1,""PGS"":0,""PTC"":0,""PSA"":0,""PAO"":0}"
"325","class","Classdiagram (558).xmi","{""PCOA"":0,""PASC"":0,""POD"":1,""PADV"":0,""PRI"":0,""POG"":0,""POI"":1,""PDA"":0,""PSO"":0,""POP"":0,""POQ"":0,""PABC"":0,""PEN"":1,""PSHA"":0,""PNAA"":1,""PGS"":0,""PTC"":0,""PSA"":0,""PAO"":0}"
"326","sequence","FCOption.mdxml","{""PCuCF"":0,""PSCF"":0,""PNCF"":0,""PCsCF"":0,""PCrCF"":0,""PSI"":0,""PRM"":1,""PSM"":0,""PASM"":0,""PCoACF"":0,""PWCF"":0,""PBCF"":0,""PCoOCF"":1,""PACF"":0,""PAc"":0,""PItCF"":0,""PDM"":0,""PCM"":0,""PIgCF"":0,""PIU"":0,""PACM"":0}"
"327","sequence","GenerateBillSD.mdxml","{""PCuCF"":0,""PSCF"":0,""PNCF"":0,""PCsCF"":0,""PCrCF"":0,""PSI"":0,""PRM"":1,""PSM"":0,""PASM"":1,""PCoACF"":1,""PWCF"":0,""PBCF"":1,""PCoOCF"":0,""PACF"":0,""PAc"":1,""PItCF"":1,""PDM"":0,""PCM"":1,""PIgCF"":1,""PIU"":0,""PACM"":0}"
"328","sequence","AccountTransfer.mdxml","{""PCuCF"":1,""PSCF"":0,""PNCF"":0,""PCsCF"":0,""PCrCF"":0,""PSI"":0,""PRM"":0,""PSM"":0,""PASM"":0,""PCoACF"":0,""PWCF"":0,""PBCF"":0,""PCoOCF"":0,""PACF"":0,""PAc"":0,""PItCF"":0,""PDM"":0,""PCM"":0,""PIgCF"":0,""PIU"":0,""PACM"":0}"
"329","sequence","OpcodeStack-pushByLocalObjectLoad.mdxml","{""PCuCF"":0,""PSCF"":0,""PNCF"":0,""PCsCF"":0,""PCrCF"":0,""PSI"":0,""PRM"":1,""PSM"":0,""PASM"":0,""PCoACF"":0,""PWCF"":0,""PBCF"":0,""PCoOCF"":0,""PACF"":0,""PAc"":0,""PItCF"":0,""PDM"":0,""PCM"":0,""PIgCF"":0,""PIU"":0,""PACM"":0}"
"330","sequence","QueryBugAnnotation-scan.mdxml","{""PCuCF"":0,""PSCF"":0,""PNCF"":0,""PCsCF"":0,""PCrCF"":0,""PSI"":0,""PRM"":1,""PSM"":0,""PASM"":0,""PCoACF"":0,""PWCF"":0,""PBCF"":0,""PCoOCF"":0,""PACF"":0,""PAc"":0,""PItCF"":0,""PDM"":0,""PCM"":0,""PIgCF"":0,""PIU"":0,""PACM"":0}"
"331","sequence","Findbugs-configureTrainingDatabases.mdxml","{""PCuCF"":0,""PSCF"":0,""PNCF"":0,""PCsCF"":0,""PCrCF"":0,""PSI"":0,""PRM"":1,""PSM"":0,""PASM"":0,""PCoACF"":0,""PWCF"":0,""PBCF"":0,""PCoOCF"":0,""PACF"":0,""PAc"":0,""PItCF"":0,""PDM"":0,""PCM"":1,""PIgCF"":0,""PIU"":0,""PACM"":0}"
"332","sequence","ParameterWarningSuppressor-match.mdxml","{""PCuCF"":0,""PSCF"":0,""PNCF"":0,""PCsCF"":0,""PCrCF"":0,""PSI"":0,""PRM"":1,""PSM"":0,""PASM"":0,""PCoACF"":0,""PWCF"":0,""PBCF"":0,""PCoOCF"":0,""PACF"":0,""PAc"":0,""PItCF"":0,""PDM"":0,""PCM"":0,""PIgCF"":0,""PIU"":0,""PACM"":0}"
"333","sequence","PluginLoader-getResource.mdxml","{""PCuCF"":0,""PSCF"":0,""PNCF"":0,""PCsCF"":0,""PCrCF"":0,""PSI"":0,""PRM"":1,""PSM"":0,""PASM"":0,""PCoACF"":0,""PWCF"":0,""PBCF"":0,""PCoOCF"":0,""PACF"":0,""PAc"":0,""PItCF"":0,""PDM"":0,""PCM"":0,""PIgCF"":0,""PIU"":0,""PACM"":0}"
"334","sequence","AddMessages.execute.mdxml","{""PCuCF"":0,""PSCF"":0,""PNCF"":0,""PCsCF"":0,""PCrCF"":0,""PSI"":0,""PRM"":1,""PSM"":0,""PASM"":0,""PCoACF"":0,""PWCF"":0,""PBCF"":0,""PCoOCF"":0,""PACF"":0,""PAc"":0,""PItCF"":0,""PDM"":0,""PCM"":1,""PIgCF"":0,""PIU"":0,""PACM"":0}"
"335","sequence","DiscoverSourceDirectories-findSourceDirectoriesForAllSourceFiles.mdxml","{""PCuCF"":0,""PSCF"":0,""PNCF"":0,""PCsCF"":0,""PCrCF"":0,""PSI"":0,""PRM"":1,""PSM"":0,""PASM"":0,""PCoACF"":0,""PWCF"":0,""PBCF"":0,""PCoOCF"":0,""PACF"":0,""PAc"":0,""PItCF"":0,""PDM"":0,""PCM"":1,""PIgCF"":0,""PIU"":0,""PACM"":0}"
"336","sequence","FCAlternatives.mdxml","{""PCuCF"":0,""PSCF"":0,""PNCF"":0,""PCsCF"":0,""PCrCF"":0,""PSI"":0,""PRM"":1,""PSM"":0,""PASM"":0,""PCoACF"":1,""PWCF"":0,""PBCF"":0,""PCoOCF"":0,""PACF"":0,""PAc"":1,""PItCF"":0,""PDM"":0,""PCM"":0,""PIgCF"":0,""PIU"":0,""PACM"":0}"
"337","sequence","GetBuyConfirmPage.mdxml","{""PCuCF"":0,""PSCF"":0,""PNCF"":0,""PCsCF"":0,""PCrCF"":0,""PSI"":0,""PRM"":1,""PSM"":0,""PASM"":0,""PCoACF"":0,""PWCF"":0,""PBCF"":0,""PCoOCF"":1,""PACF"":0,""PAc"":0,""PItCF"":0,""PDM"":0,""PCM"":0,""PIgCF"":0,""PIU"":1,""PACM"":0}"
"338","sequence","OrderBuy.mdxml","{""PCuCF"":0,""PSCF"":0,""PNCF"":0,""PCsCF"":0,""PCrCF"":0,""PSI"":0,""PRM"":1,""PSM"":0,""PASM"":1,""PCoACF"":0,""PWCF"":0,""PBCF"":0,""PCoOCF"":0,""PACF"":0,""PAc"":0,""PItCF"":1,""PDM"":0,""PCM"":0,""PIgCF"":0,""PIU"":1,""PACM"":1}"
"339","sequence","MatriculaAluno.mdxml","{""PCuCF"":0,""PSCF"":0,""PNCF"":0,""PCsCF"":0,""PCrCF"":1,""PSI"":0,""PRM"":1,""PSM"":0,""PASM"":1,""PCoACF"":0,""PWCF"":0,""PBCF"":0,""PCoOCF"":0,""PACF"":0,""PAc"":0,""PItCF"":1,""PDM"":0,""PCM"":0,""PIgCF"":0,""PIU"":0,""PACM"":1}"
"340","sequence","JobSeach.mdxml","{""PCuCF"":0,""PSCF"":0,""PNCF"":0,""PCsCF"":0,""PCrCF"":0,""PSI"":0,""PRM"":0,""PSM"":0,""PASM"":0,""PCoACF"":1,""PWCF"":0,""PBCF"":0,""PCoOCF"":1,""PACF"":0,""PAc"":0,""PItCF"":1,""PDM"":0,""PCM"":0,""PIgCF"":0,""PIU"":0,""PACM"":0}"
"341","sequence","SwitchHandler.getNextSwitchOffset.mdxml","{""PCuCF"":0,""PSCF"":0,""PNCF"":0,""PCsCF"":0,""PCrCF"":0,""PSI"":0,""PRM"":1,""PSM"":0,""PASM"":0,""PCoACF"":0,""PWCF"":0,""PBCF"":0,""PCoOCF"":0,""PACF"":0,""PAc"":0,""PItCF"":0,""PDM"":0,""PCM"":0,""PIgCF"":0,""PIU"":0,""PACM"":0}"
"342","sequence","TextUIBugReporter.reportAnalysisError.mdxml","{""PCuCF"":0,""PSCF"":0,""PNCF"":0,""PCsCF"":0,""PCrCF"":0,""PSI"":0,""PRM"":1,""PSM"":0,""PASM"":0,""PCoACF"":0,""PWCF"":0,""PBCF"":0,""PCoOCF"":0,""PACF"":0,""PAc"":0,""PItCF"":0,""PDM"":0,""PCM"":0,""PIgCF"":0,""PIU"":0,""PACM"":0}"
"343","sequence","OnlineBookshop.mdxml","{""PCuCF"":0,""PSCF"":0,""PNCF"":0,""PCsCF"":0,""PCrCF"":0,""PSI"":0,""PRM"":1,""PSM"":0,""PASM"":1,""PCoACF"":0,""PWCF"":0,""PBCF"":0,""PCoOCF"":1,""PACF"":0,""PAc"":0,""PItCF"":1,""PDM"":0,""PCM"":0,""PIgCF"":0,""PIU"":1,""PACM"":0}"
"344","sequence","FCBreak.mdxml","{""PCuCF"":0,""PSCF"":0,""PNCF"":0,""PCsCF"":0,""PCrCF"":0,""PSI"":0,""PRM"":1,""PSM"":0,""PASM"":0,""PCoACF"":0,""PWCF"":0,""PBCF"":1,""PCoOCF"":0,""PACF"":0,""PAc"":0,""PItCF"":0,""PDM"":0,""PCM"":0,""PIgCF"":0,""PIU"":0,""PACM"":0}"
"345","sequence","AddAnnotation-execute.mdxml","{""PCuCF"":0,""PSCF"":0,""PNCF"":0,""PCsCF"":0,""PCrCF"":0,""PSI"":0,""PRM"":1,""PSM"":0,""PASM"":0,""PCoACF"":0,""PWCF"":0,""PBCF"":0,""PCoOCF"":0,""PACF"":0,""PAc"":0,""PItCF"":0,""PDM"":0,""PCM"":1,""PIgCF"":0,""PIU"":0,""PACM"":0}"
"346","sequence","WashCar.mdxml","{""PCuCF"":0,""PSCF"":0,""PNCF"":0,""PCsCF"":0,""PCrCF"":0,""PSI"":0,""PRM"":0,""PSM"":0,""PASM"":1,""PCoACF"":1,""PWCF"":0,""PBCF"":0,""PCoOCF"":1,""PACF"":0,""PAc"":0,""PItCF"":1,""PDM"":0,""PCM"":0,""PIgCF"":0,""PIU"":0,""PACM"":0}"
"347","sequence","TestMyClass.mdxml","{""PCuCF"":0,""PSCF"":0,""PNCF"":0,""PCsCF"":0,""PCrCF"":0,""PSI"":0,""PRM"":0,""PSM"":0,""PASM"":0,""PCoACF"":0,""PWCF"":0,""PBCF"":0,""PCoOCF"":0,""PACF"":0,""PAc"":0,""PItCF"":0,""PDM"":0,""PCM"":0,""PIgCF"":0,""PIU"":0,""PACM"":0}"
"348","sequence","FindUser.mdxml","{""PCuCF"":0,""PSCF"":0,""PNCF"":0,""PCsCF"":0,""PCrCF"":0,""PSI"":0,""PRM"":0,""PSM"":0,""PASM"":1,""PCoACF"":0,""PWCF"":0,""PBCF"":0,""PCoOCF"":0,""PACF"":0,""PAc"":0,""PItCF"":1,""PDM"":0,""PCM"":0,""PIgCF"":0,""PIU"":0,""PACM"":0}"
"349","sequence","OpcodeStack-resetForMethodEntry.mdxml","{""PCuCF"":0,""PSCF"":0,""PNCF"":0,""PCsCF"":0,""PCrCF"":0,""PSI"":0,""PRM"":1,""PSM"":0,""PASM"":0,""PCoACF"":0,""PWCF"":0,""PBCF"":0,""PCoOCF"":0,""PACF"":0,""PAc"":0,""PItCF"":0,""PDM"":0,""PCM"":0,""PIgCF"":0,""PIU"":0,""PACM"":0}"
"350","sequence","CoffeeMachine.mdxml","{""PCuCF"":1,""PSCF"":0,""PNCF"":0,""PCsCF"":0,""PCrCF"":0,""PSI"":0,""PRM"":1,""PSM"":0,""PASM"":0,""PCoACF"":1,""PWCF"":0,""PBCF"":1,""PCoOCF"":1,""PACF"":0,""PAc"":0,""PItCF"":1,""PDM"":0,""PCM"":0,""PIgCF"":0,""PIU"":0,""PACM"":0}"
"351","sequence","PluginLoader-addCollection.mdxml","{""PCuCF"":0,""PSCF"":0,""PNCF"":0,""PCsCF"":0,""PCrCF"":0,""PSI"":0,""PRM"":1,""PSM"":0,""PASM"":0,""PCoACF"":0,""PWCF"":0,""PBCF"":0,""PCoOCF"":0,""PACF"":0,""PAc"":0,""PItCF"":0,""PDM"":0,""PCM"":1,""PIgCF"":0,""PIU"":0,""PACM"":0}"
"352","sequence","ProcessBeef.mdxml","{""PCuCF"":0,""PSCF"":0,""PNCF"":1,""PCsCF"":0,""PCrCF"":0,""PSI"":0,""PRM"":1,""PSM"":0,""PASM"":0,""PCoACF"":0,""PWCF"":0,""PBCF"":0,""PCoOCF"":0,""PACF"":0,""PAc"":0,""PItCF"":0,""PDM"":0,""PCM"":0,""PIgCF"":0,""PIU"":0,""PACM"":1}"
"353","sequence","ObserverInteractionUpdatePull.mdxml","{""PCuCF"":0,""PSCF"":0,""PNCF"":0,""PCsCF"":1,""PCrCF"":0,""PSI"":0,""PRM"":1,""PSM"":0,""PASM"":0,""PCoACF"":0,""PWCF"":0,""PBCF"":0,""PCoOCF"":0,""PACF"":0,""PAc"":0,""PItCF"":1,""PDM"":0,""PCM"":1,""PIgCF"":0,""PIU"":0,""PACM"":0}"
"354","sequence","FuzzyBugComparator-compare.mdxml","{""PCuCF"":0,""PSCF"":0,""PNCF"":0,""PCsCF"":0,""PCrCF"":0,""PSI"":0,""PRM"":1,""PSM"":0,""PASM"":0,""PCoACF"":0,""PWCF"":0,""PBCF"":0,""PCoOCF"":0,""PACF"":0,""PAc"":0,""PItCF"":0,""PDM"":0,""PCM"":1,""PIgCF"":0,""PIU"":0,""PACM"":0}"
"355","sequence","TextUIBugReporter-checkBugInstance.mdxml","{""PCuCF"":0,""PSCF"":0,""PNCF"":0,""PCsCF"":0,""PCrCF"":0,""PSI"":0,""PRM"":1,""PSM"":0,""PASM"":0,""PCoACF"":0,""PWCF"":0,""PBCF"":0,""PCoOCF"":0,""PACF"":0,""PAc"":0,""PItCF"":0,""PDM"":0,""PCM"":1,""PIgCF"":0,""PIU"":0,""PACM"":0}"
"356","sequence","ValidateUser.mdxml","{""PCuCF"":0,""PSCF"":0,""PNCF"":0,""PCsCF"":0,""PCrCF"":0,""PSI"":0,""PRM"":1,""PSM"":0,""PASM"":1,""PCoACF"":1,""PWCF"":0,""PBCF"":0,""PCoOCF"":0,""PACF"":0,""PAc"":0,""PItCF"":0,""PDM"":0,""PCM"":1,""PIgCF"":0,""PIU"":0,""PACM"":0}"
"357","sequence","SubmitComments.mdxml","{""PCuCF"":0,""PSCF"":0,""PNCF"":0,""PCsCF"":0,""PCrCF"":0,""PSI"":0,""PRM"":0,""PSM"":0,""PASM"":1,""PCoACF"":1,""PWCF"":0,""PBCF"":0,""PCoOCF"":0,""PACF"":0,""PAc"":0,""PItCF"":0,""PDM"":0,""PCM"":1,""PIgCF"":0,""PIU"":1,""PACM"":0}"
"358","sequence","StudentPrinter.mdxml","{""PCuCF"":0,""PSCF"":0,""PNCF"":0,""PCsCF"":0,""PCrCF"":0,""PSI"":0,""PRM"":0,""PSM"":0,""PASM"":1,""PCoACF"":0,""PWCF"":0,""PBCF"":0,""PCoOCF"":0,""PACF"":0,""PAc"":1,""PItCF"":1,""PDM"":0,""PCM"":0,""PIgCF"":0,""PIU"":0,""PACM"":0}"
"359","sequence","TypeAnnotation-format.mdxml","{""PCuCF"":0,""PSCF"":0,""PNCF"":0,""PCsCF"":0,""PCrCF"":0,""PSI"":0,""PRM"":1,""PSM"":0,""PASM"":0,""PCoACF"":0,""PWCF"":0,""PBCF"":0,""PCoOCF"":0,""PACF"":0,""PAc"":0,""PItCF"":0,""PDM"":0,""PCM"":0,""PIgCF"":0,""PIU"":0,""PACM"":0}"
"360","sequence","AddMessages-bugCategories.mdxml","{""PCuCF"":0,""PSCF"":0,""PNCF"":0,""PCsCF"":0,""PCrCF"":0,""PSI"":0,""PRM"":1,""PSM"":0,""PASM"":0,""PCoACF"":0,""PWCF"":0,""PBCF"":0,""PCoOCF"":0,""PACF"":0,""PAc"":0,""PItCF"":0,""PDM"":0,""PCM"":0,""PIgCF"":0,""PIU"":0,""PACM"":0}"
"361","sequence","FindBugs2-buildClassPath.mdxml","{""PCuCF"":0,""PSCF"":1,""PNCF"":0,""PCsCF"":0,""PCrCF"":0,""PSI"":0,""PRM"":1,""PSM"":0,""PASM"":0,""PCoACF"":0,""PWCF"":0,""PBCF"":0,""PCoOCF"":0,""PACF"":1,""PAc"":0,""PItCF"":1,""PDM"":0,""PCM"":0,""PIgCF"":0,""PIU"":0,""PACM"":0}"
"362","sequence","FCConcurrent.mdxml","{""PCuCF"":0,""PSCF"":0,""PNCF"":0,""PCsCF"":0,""PCrCF"":0,""PSI"":0,""PRM"":1,""PSM"":0,""PASM"":0,""PCoACF"":1,""PWCF"":0,""PBCF"":0,""PCoOCF"":1,""PACF"":0,""PAc"":0,""PItCF"":0,""PDM"":0,""PCM"":0,""PIgCF"":1,""PIU"":0,""PACM"":0}"
"363","sequence","FindBugs2-execute.mdxml","{""PCuCF"":0,""PSCF"":0,""PNCF"":0,""PCsCF"":0,""PCrCF"":0,""PSI"":0,""PRM"":1,""PSM"":0,""PASM"":0,""PCoACF"":0,""PWCF"":0,""PBCF"":0,""PCoOCF"":0,""PACF"":0,""PAc"":0,""PItCF"":0,""PDM"":0,""PCM"":1,""PIgCF"":0,""PIU"":0,""PACM"":0}"
"364","sequence","FCLooping.mdxml","{""PCuCF"":0,""PSCF"":0,""PNCF"":0,""PCsCF"":0,""PCrCF"":0,""PSI"":0,""PRM"":1,""PSM"":0,""PASM"":0,""PCoACF"":0,""PWCF"":0,""PBCF"":0,""PCoOCF"":0,""PACF"":0,""PAc"":0,""PItCF"":1,""PDM"":0,""PCM"":0,""PIgCF"":0,""PIU"":0,""PACM"":0}"
"365","sequence","LoginBank.mdxml","{""PCuCF"":0,""PSCF"":0,""PNCF"":0,""PCsCF"":0,""PCrCF"":0,""PSI"":0,""PRM"":0,""PSM"":0,""PASM"":0,""PCoACF"":1,""PWCF"":0,""PBCF"":0,""PCoOCF"":0,""PACF"":1,""PAc"":0,""PItCF"":0,""PDM"":0,""PCM"":0,""PIgCF"":0,""PIU"":0,""PACM"":0}"
"366","sequence","HTMLBugReporter-getStylesheetStream.mdxml","{""PCuCF"":0,""PSCF"":0,""PNCF"":0,""PCsCF"":0,""PCrCF"":0,""PSI"":0,""PRM"":1,""PSM"":0,""PASM"":0,""PCoACF"":0,""PWCF"":0,""PBCF"":0,""PCoOCF"":0,""PACF"":0,""PAc"":0,""PItCF"":0,""PDM"":0,""PCM"":1,""PIgCF"":0,""PIU"":0,""PACM"":0}"
"367","sequence","PatternRole.mdxml","{""PCuCF"":0,""PSCF"":0,""PNCF"":0,""PCsCF"":0,""PCrCF"":0,""PSI"":0,""PRM"":0,""PSM"":0,""PASM"":0,""PCoACF"":0,""PWCF"":0,""PBCF"":0,""PCoOCF"":0,""PACF"":0,""PAc"":0,""PItCF"":0,""PDM"":0,""PCM"":0,""PIgCF"":0,""PIU"":1,""PACM"":0}"
"368","sequence","DoubleSpacesCheck.checkLine implementation.mdxml","{""PCuCF"":0,""PSCF"":0,""PNCF"":0,""PCsCF"":0,""PCrCF"":0,""PSI"":0,""PRM"":1,""PSM"":0,""PASM"":0,""PCoACF"":0,""PWCF"":0,""PBCF"":0,""PCoOCF"":0,""PACF"":0,""PAc"":0,""PItCF"":0,""PDM"":0,""PCM"":0,""PIgCF"":0,""PIU"":0,""PACM"":0}"
"369","sequence","RetirerArgent_Critical.mdxml","{""PCuCF"":0,""PSCF"":0,""PNCF"":0,""PCsCF"":0,""PCrCF"":1,""PSI"":0,""PRM"":1,""PSM"":0,""PASM"":0,""PCoACF"":0,""PWCF"":0,""PBCF"":0,""PCoOCF"":0,""PACF"":0,""PAc"":0,""PItCF"":0,""PDM"":0,""PCM"":0,""PIgCF"":0,""PIU"":0,""PACM"":0}"
"370","sequence","JavaVersion-init.mdxml","{""PCuCF"":0,""PSCF"":0,""PNCF"":0,""PCsCF"":0,""PCrCF"":0,""PSI"":0,""PRM"":1,""PSM"":0,""PASM"":0,""PCoACF"":0,""PWCF"":0,""PBCF"":0,""PCoOCF"":0,""PACF"":0,""PAc"":0,""PItCF"":0,""PDM"":0,""PCM"":1,""PIgCF"":0,""PIU"":0,""PACM"":0}"
